<?xml version="1.0" encoding="UTF-8"?>
<!DOCTYPE mapper PUBLIC "-//mybatis.org//DTD Mapper 3.0//EN" "http://mybatis.org/dtd/mybatis-3-mapper.dtd">
<mapper namespace="com.sankuai.tripdatecenter.databp.fenghuang.dao.mapper.auto.DatasourcePOMapper">
  <resultMap id="BaseResultMap" type="com.sankuai.tripdatecenter.databp.fenghuang.dao.po.DatasourcePO">
    <!--
      WARNING - @mbg.generated
      This element is automatically generated by MyBatis Generator, do not modify.
      This element was generated on Thu Dec 08 20:58:32 CST 2022.
    -->
    <result column="id" jdbcType="BIGINT" property="id" />
    <result column="datasource_id" jdbcType="BIGINT" property="datasourceId" />
    <result column="datasource_name" jdbcType="VARCHAR" property="datasourceName" />
    <result column="datasource_type" jdbcType="VARCHAR" property="datasourceType" />
    <result column="jdbc_url" jdbcType="VARCHAR" property="jdbcUrl" />
    <result column="username" jdbcType="VARCHAR" property="username" />
    <result column="psw" jdbcType="VARCHAR" property="psw" />
    <result column="driver_class_name" jdbcType="VARCHAR" property="driverClassName" />
    <result column="is_delete" jdbcType="SMALLINT" property="isDelete" />
    <result column="created_mis" jdbcType="VARCHAR" property="createdMis" />
    <result column="last_update_mis" jdbcType="VARCHAR" property="lastUpdateMis" />
    <result column="created_time" jdbcType="TIMESTAMP" property="createdTime" />
    <result column="update_time" jdbcType="TIMESTAMP" property="updateTime" />
    <result column="business_id" jdbcType="VARCHAR" property="businessId" />
  </resultMap>
  <resultMap extends="BaseResultMap" id="ResultMapWithBLOBs" type="com.sankuai.tripdatecenter.databp.fenghuang.dao.po.DatasourcePO">
    <!--
      WARNING - @mbg.generated
      This element is automatically generated by MyBatis Generator, do not modify.
      This element was generated on Thu Dec 08 20:58:32 CST 2022.
    -->
    <result column="params" jdbcType="LONGVARCHAR" property="params" />
  </resultMap>
  <sql id="Example_Where_Clause">
    <!--
      WARNING - @mbg.generated
      This element is automatically generated by MyBatis Generator, do not modify.
      This element was generated on Thu Dec 08 20:58:32 CST 2022.
    -->
    <where>
      <foreach collection="oredCriteria" item="criteria" separator="or">
        <if test="criteria.valid">
          <trim prefix="(" prefixOverrides="and" suffix=")">
            <foreach collection="criteria.criteria" item="criterion">
              <choose>
                <when test="criterion.noValue">
                  and ${criterion.condition}
                </when>
                <when test="criterion.singleValue">
                  and ${criterion.condition} #{criterion.value}
                </when>
                <when test="criterion.betweenValue">
                  and ${criterion.condition} #{criterion.value} and #{criterion.secondValue}
                </when>
                <when test="criterion.listValue">
                  and ${criterion.condition}
                  <foreach close=")" collection="criterion.value" item="listItem" open="(" separator=",">
                    #{listItem}
                  </foreach>
                </when>
              </choose>
            </foreach>
          </trim>
        </if>
      </foreach>
    </where>
  </sql>
  <sql id="Update_By_Example_Where_Clause">
    <!--
      WARNING - @mbg.generated
      This element is automatically generated by MyBatis Generator, do not modify.
      This element was generated on Thu Dec 08 20:58:32 CST 2022.
    -->
    <where>
      <foreach collection="example.oredCriteria" item="criteria" separator="or">
        <if test="criteria.valid">
          <trim prefix="(" prefixOverrides="and" suffix=")">
            <foreach collection="criteria.criteria" item="criterion">
              <choose>
                <when test="criterion.noValue">
                  and ${criterion.condition}
                </when>
                <when test="criterion.singleValue">
                  and ${criterion.condition} #{criterion.value}
                </when>
                <when test="criterion.betweenValue">
                  and ${criterion.condition} #{criterion.value} and #{criterion.secondValue}
                </when>
                <when test="criterion.listValue">
                  and ${criterion.condition}
                  <foreach close=")" collection="criterion.value" item="listItem" open="(" separator=",">
                    #{listItem}
                  </foreach>
                </when>
              </choose>
            </foreach>
          </trim>
        </if>
      </foreach>
    </where>
  </sql>
  <sql id="Base_Column_List">
    <!--
      WARNING - @mbg.generated
      This element is automatically generated by MyBatis Generator, do not modify.
      This element was generated on Thu Dec 08 20:58:32 CST 2022.
    -->
    id, datasource_id, datasource_name, datasource_type, jdbc_url, username, psw, driver_class_name, 
    is_delete, created_mis, last_update_mis, created_time, update_time, business_id
  </sql>
  <sql id="Blob_Column_List">
    <!--
      WARNING - @mbg.generated
      This element is automatically generated by MyBatis Generator, do not modify.
      This element was generated on Thu Dec 08 20:58:32 CST 2022.
    -->
    params
  </sql>
  <select id="selectByExampleWithBLOBs" parameterType="com.sankuai.tripdatecenter.databp.fenghuang.dao.po.example.DatasourcePOExample" resultMap="ResultMapWithBLOBs">
    <!--
      WARNING - @mbg.generated
      This element is automatically generated by MyBatis Generator, do not modify.
      This element was generated on Thu Dec 08 20:58:32 CST 2022.
    -->
    select
    <if test="distinct">
      distinct
    </if>
    <include refid="Base_Column_List" />
    ,
    <include refid="Blob_Column_List" />
    from fenghuang_info_datasource
    <if test="_parameter != null">
      <include refid="Example_Where_Clause" />
    </if>
    <if test="orderByClause != null">
      order by ${orderByClause}
    </if>
  </select>
  <select id="selectByExample" parameterType="com.sankuai.tripdatecenter.databp.fenghuang.dao.po.example.DatasourcePOExample" resultMap="BaseResultMap">
    <!--
      WARNING - @mbg.generated
      This element is automatically generated by MyBatis Generator, do not modify.
      This element was generated on Thu Dec 08 20:58:32 CST 2022.
    -->
    select
    <if test="distinct">
      distinct
    </if>
    <include refid="Base_Column_List" />
    from fenghuang_info_datasource
    <if test="_parameter != null">
      <include refid="Example_Where_Clause" />
    </if>
    <if test="orderByClause != null">
      order by ${orderByClause}
    </if>
  </select>
  <delete id="deleteByExample" parameterType="com.sankuai.tripdatecenter.databp.fenghuang.dao.po.example.DatasourcePOExample">
    <!--
      WARNING - @mbg.generated
      This element is automatically generated by MyBatis Generator, do not modify.
      This element was generated on Thu Dec 08 20:58:32 CST 2022.
    -->
    delete from fenghuang_info_datasource
    <if test="_parameter != null">
      <include refid="Example_Where_Clause" />
    </if>
  </delete>
  <insert id="insert" parameterType="com.sankuai.tripdatecenter.databp.fenghuang.dao.po.DatasourcePO">
    <!--
      WARNING - @mbg.generated
      This element is automatically generated by MyBatis Generator, do not modify.
      This element was generated on Thu Dec 08 20:58:32 CST 2022.
    -->
    <selectKey keyProperty="id" order="AFTER" resultType="java.lang.Long">
      SELECT LAST_INSERT_ID()
    </selectKey>
    insert into fenghuang_info_datasource (datasource_id, datasource_name, datasource_type, 
      jdbc_url, username, psw, 
      driver_class_name, is_delete, created_mis, 
      last_update_mis, created_time, update_time, 
      business_id, params)
    values (#{datasourceId,jdbcType=BIGINT}, #{datasourceName,jdbcType=VARCHAR}, #{datasourceType,jdbcType=VARCHAR}, 
      #{jdbcUrl,jdbcType=VARCHAR}, #{username,jdbcType=VARCHAR}, #{psw,jdbcType=VARCHAR}, 
      #{driverClassName,jdbcType=VARCHAR}, #{isDelete,jdbcType=SMALLINT}, #{createdMis,jdbcType=VARCHAR}, 
      #{lastUpdateMis,jdbcType=VARCHAR}, #{createdTime,jdbcType=TIMESTAMP}, #{updateTime,jdbcType=TIMESTAMP}, 
      #{businessId,jdbcType=VARCHAR}, #{params,jdbcType=LONGVARCHAR})
  </insert>
  <insert id="insertSelective" parameterType="com.sankuai.tripdatecenter.databp.fenghuang.dao.po.DatasourcePO">
    <!--
      WARNING - @mbg.generated
      This element is automatically generated by MyBatis Generator, do not modify.
      This element was generated on Thu Dec 08 20:58:32 CST 2022.
    -->
    <selectKey keyProperty="id" order="AFTER" resultType="java.lang.Long">
      SELECT LAST_INSERT_ID()
    </selectKey>
    insert into fenghuang_info_datasource
    <trim prefix="(" suffix=")" suffixOverrides=",">
      <if test="datasourceId != null">
        datasource_id,
      </if>
      <if test="datasourceName != null">
        datasource_name,
      </if>
      <if test="datasourceType != null">
        datasource_type,
      </if>
      <if test="jdbcUrl != null">
        jdbc_url,
      </if>
      <if test="username != null">
        username,
      </if>
      <if test="psw != null">
        psw,
      </if>
      <if test="driverClassName != null">
        driver_class_name,
      </if>
      <if test="isDelete != null">
        is_delete,
      </if>
      <if test="createdMis != null">
        created_mis,
      </if>
      <if test="lastUpdateMis != null">
        last_update_mis,
      </if>
      <if test="createdTime != null">
        created_time,
      </if>
      <if test="updateTime != null">
        update_time,
      </if>
      <if test="businessId != null">
        business_id,
      </if>
      <if test="params != null">
        params,
      </if>
    </trim>
    <trim prefix="values (" suffix=")" suffixOverrides=",">
      <if test="datasourceId != null">
        #{datasourceId,jdbcType=BIGINT},
      </if>
      <if test="datasourceName != null">
        #{datasourceName,jdbcType=VARCHAR},
      </if>
      <if test="datasourceType != null">
        #{datasourceType,jdbcType=VARCHAR},
      </if>
      <if test="jdbcUrl != null">
        #{jdbcUrl,jdbcType=VARCHAR},
      </if>
      <if test="username != null">
        #{username,jdbcType=VARCHAR},
      </if>
      <if test="psw != null">
        #{psw,jdbcType=VARCHAR},
      </if>
      <if test="driverClassName != null">
        #{driverClassName,jdbcType=VARCHAR},
      </if>
      <if test="isDelete != null">
        #{isDelete,jdbcType=SMALLINT},
      </if>
      <if test="createdMis != null">
        #{createdMis,jdbcType=VARCHAR},
      </if>
      <if test="lastUpdateMis != null">
        #{lastUpdateMis,jdbcType=VARCHAR},
      </if>
      <if test="createdTime != null">
        #{createdTime,jdbcType=TIMESTAMP},
      </if>
      <if test="updateTime != null">
        #{updateTime,jdbcType=TIMESTAMP},
      </if>
      <if test="businessId != null">
        #{businessId,jdbcType=VARCHAR},
      </if>
      <if test="params != null">
        #{params,jdbcType=LONGVARCHAR},
      </if>
    </trim>
  </insert>
  <select id="countByExample" parameterType="com.sankuai.tripdatecenter.databp.fenghuang.dao.po.example.DatasourcePOExample" resultType="java.lang.Long">
    <!--
      WARNING - @mbg.generated
      This element is automatically generated by MyBatis Generator, do not modify.
      This element was generated on Thu Dec 08 20:58:32 CST 2022.
    -->
    select count(*) from fenghuang_info_datasource
    <if test="_parameter != null">
      <include refid="Example_Where_Clause" />
    </if>
  </select>
  <update id="updateByExampleSelective" parameterType="map">
    <!--
      WARNING - @mbg.generated
      This element is automatically generated by MyBatis Generator, do not modify.
      This element was generated on Thu Dec 08 20:58:32 CST 2022.
    -->
    update fenghuang_info_datasource
    <set>
      <if test="record.id != null">
        id = #{record.id,jdbcType=BIGINT},
      </if>
      <if test="record.datasourceId != null">
        datasource_id = #{record.datasourceId,jdbcType=BIGINT},
      </if>
      <if test="record.datasourceName != null">
        datasource_name = #{record.datasourceName,jdbcType=VARCHAR},
      </if>
      <if test="record.datasourceType != null">
        datasource_type = #{record.datasourceType,jdbcType=VARCHAR},
      </if>
      <if test="record.jdbcUrl != null">
        jdbc_url = #{record.jdbcUrl,jdbcType=VARCHAR},
      </if>
      <if test="record.username != null">
        username = #{record.username,jdbcType=VARCHAR},
      </if>
      <if test="record.psw != null">
        psw = #{record.psw,jdbcType=VARCHAR},
      </if>
      <if test="record.driverClassName != null">
        driver_class_name = #{record.driverClassName,jdbcType=VARCHAR},
      </if>
      <if test="record.isDelete != null">
        is_delete = #{record.isDelete,jdbcType=SMALLINT},
      </if>
      <if test="record.createdMis != null">
        created_mis = #{record.createdMis,jdbcType=VARCHAR},
      </if>
      <if test="record.lastUpdateMis != null">
        last_update_mis = #{record.lastUpdateMis,jdbcType=VARCHAR},
      </if>
      <if test="record.createdTime != null">
        created_time = #{record.createdTime,jdbcType=TIMESTAMP},
      </if>
      <if test="record.updateTime != null">
        update_time = #{record.updateTime,jdbcType=TIMESTAMP},
      </if>
      <if test="record.businessId != null">
        business_id = #{record.businessId,jdbcType=VARCHAR},
      </if>
      <if test="record.params != null">
        params = #{record.params,jdbcType=LONGVARCHAR},
      </if>
    </set>
    <if test="example != null">
      <include refid="Update_By_Example_Where_Clause" />
    </if>
  </update>
  <update id="updateByExampleWithBLOBs" parameterType="map">
    <!--
      WARNING - @mbg.generated
      This element is automatically generated by MyBatis Generator, do not modify.
      This element was generated on Thu Dec 08 20:58:32 CST 2022.
    -->
    update fenghuang_info_datasource
    set id = #{record.id,jdbcType=BIGINT},
      datasource_id = #{record.datasourceId,jdbcType=BIGINT},
      datasource_name = #{record.datasourceName,jdbcType=VARCHAR},
      datasource_type = #{record.datasourceType,jdbcType=VARCHAR},
      jdbc_url = #{record.jdbcUrl,jdbcType=VARCHAR},
      username = #{record.username,jdbcType=VARCHAR},
      psw = #{record.psw,jdbcType=VARCHAR},
      driver_class_name = #{record.driverClassName,jdbcType=VARCHAR},
      is_delete = #{record.isDelete,jdbcType=SMALLINT},
      created_mis = #{record.createdMis,jdbcType=VARCHAR},
      last_update_mis = #{record.lastUpdateMis,jdbcType=VARCHAR},
      created_time = #{record.createdTime,jdbcType=TIMESTAMP},
      update_time = #{record.updateTime,jdbcType=TIMESTAMP},
      business_id = #{record.businessId,jdbcType=VARCHAR},
      params = #{record.params,jdbcType=LONGVARCHAR}
    <if test="example != null">
      <include refid="Update_By_Example_Where_Clause" />
    </if>
  </update>
  <update id="updateByExample" parameterType="map">
    <!--
      WARNING - @mbg.generated
      This element is automatically generated by MyBatis Generator, do not modify.
      This element was generated on Thu Dec 08 20:58:32 CST 2022.
    -->
    update fenghuang_info_datasource
    set id = #{record.id,jdbcType=BIGINT},
      datasource_id = #{record.datasourceId,jdbcType=BIGINT},
      datasource_name = #{record.datasourceName,jdbcType=VARCHAR},
      datasource_type = #{record.datasourceType,jdbcType=VARCHAR},
      jdbc_url = #{record.jdbcUrl,jdbcType=VARCHAR},
      username = #{record.username,jdbcType=VARCHAR},
      psw = #{record.psw,jdbcType=VARCHAR},
      driver_class_name = #{record.driverClassName,jdbcType=VARCHAR},
      is_delete = #{record.isDelete,jdbcType=SMALLINT},
      created_mis = #{record.createdMis,jdbcType=VARCHAR},
      last_update_mis = #{record.lastUpdateMis,jdbcType=VARCHAR},
      created_time = #{record.createdTime,jdbcType=TIMESTAMP},
      update_time = #{record.updateTime,jdbcType=TIMESTAMP},
      business_id = #{record.businessId,jdbcType=VARCHAR}
    <if test="example != null">
      <include refid="Update_By_Example_Where_Clause" />
    </if>
  </update>
</mapper>