<?xml version="1.0" encoding="UTF-8"?>
<!DOCTYPE mapper PUBLIC "-//mybatis.org//DTD Mapper 3.0//EN" "http://mybatis.org/dtd/mybatis-3-mapper.dtd">
<mapper namespace="com.sankuai.tripdatecenter.databp.fenghuang.dao.mapper.auto.DimensionPOMapper">
  <resultMap id="BaseResultMap" type="com.sankuai.tripdatecenter.databp.fenghuang.dao.po.DimensionPO">
    <!--
      WARNING - @mbg.generated
      This element is automatically generated by MyBatis Generator, do not modify.
      This element was generated on Thu Dec 08 20:58:14 CST 2022.
    -->
    <result column="id" jdbcType="BIGINT" property="id" />
    <result column="dimension_id" jdbcType="VARCHAR" property="dimensionId" />
    <result column="version" jdbcType="BIGINT" property="version" />
    <result column="app_id" jdbcType="BIGINT" property="appId" />
    <result column="app_type" jdbcType="CHAR" property="appType" />
    <result column="dimension_code" jdbcType="VARCHAR" property="dimensionCode" />
    <result column="dimension_name" jdbcType="VARCHAR" property="dimensionName" />
    <result column="dimension_type" jdbcType="VARCHAR" property="dimensionType" />
    <result column="dimension_comment" jdbcType="VARCHAR" property="dimensionComment" />
    <result column="is_delete" jdbcType="SMALLINT" property="isDelete" />
    <result column="created_mis" jdbcType="VARCHAR" property="createdMis" />
    <result column="last_update_mis" jdbcType="VARCHAR" property="lastUpdateMis" />
    <result column="created_time" jdbcType="TIMESTAMP" property="createdTime" />
    <result column="update_time" jdbcType="TIMESTAMP" property="updateTime" />
    <result column="business_id" jdbcType="VARCHAR" property="businessId" />
  </resultMap>
  <sql id="Example_Where_Clause">
    <!--
      WARNING - @mbg.generated
      This element is automatically generated by MyBatis Generator, do not modify.
      This element was generated on Thu Dec 08 20:58:14 CST 2022.
    -->
    <where>
      <foreach collection="oredCriteria" item="criteria" separator="or">
        <if test="criteria.valid">
          <trim prefix="(" prefixOverrides="and" suffix=")">
            <foreach collection="criteria.criteria" item="criterion">
              <choose>
                <when test="criterion.noValue">
                  and ${criterion.condition}
                </when>
                <when test="criterion.singleValue">
                  and ${criterion.condition} #{criterion.value}
                </when>
                <when test="criterion.betweenValue">
                  and ${criterion.condition} #{criterion.value} and #{criterion.secondValue}
                </when>
                <when test="criterion.listValue">
                  and ${criterion.condition}
                  <foreach close=")" collection="criterion.value" item="listItem" open="(" separator=",">
                    #{listItem}
                  </foreach>
                </when>
              </choose>
            </foreach>
          </trim>
        </if>
      </foreach>
    </where>
  </sql>
  <sql id="Update_By_Example_Where_Clause">
    <!--
      WARNING - @mbg.generated
      This element is automatically generated by MyBatis Generator, do not modify.
      This element was generated on Thu Dec 08 20:58:14 CST 2022.
    -->
    <where>
      <foreach collection="example.oredCriteria" item="criteria" separator="or">
        <if test="criteria.valid">
          <trim prefix="(" prefixOverrides="and" suffix=")">
            <foreach collection="criteria.criteria" item="criterion">
              <choose>
                <when test="criterion.noValue">
                  and ${criterion.condition}
                </when>
                <when test="criterion.singleValue">
                  and ${criterion.condition} #{criterion.value}
                </when>
                <when test="criterion.betweenValue">
                  and ${criterion.condition} #{criterion.value} and #{criterion.secondValue}
                </when>
                <when test="criterion.listValue">
                  and ${criterion.condition}
                  <foreach close=")" collection="criterion.value" item="listItem" open="(" separator=",">
                    #{listItem}
                  </foreach>
                </when>
              </choose>
            </foreach>
          </trim>
        </if>
      </foreach>
    </where>
  </sql>
  <sql id="Base_Column_List">
    <!--
      WARNING - @mbg.generated
      This element is automatically generated by MyBatis Generator, do not modify.
      This element was generated on Thu Dec 08 20:58:14 CST 2022.
    -->
    id, dimension_id, version, app_id, app_type, dimension_code, dimension_name, dimension_type, 
    dimension_comment, is_delete, created_mis, last_update_mis, created_time, update_time, 
    business_id
  </sql>
  <select id="selectByExample" parameterType="com.sankuai.tripdatecenter.databp.fenghuang.dao.po.example.DimensionPOExample" resultMap="BaseResultMap">
    <!--
      WARNING - @mbg.generated
      This element is automatically generated by MyBatis Generator, do not modify.
      This element was generated on Thu Dec 08 20:58:14 CST 2022.
    -->
    select
    <if test="distinct">
      distinct
    </if>
    <include refid="Base_Column_List" />
    from fenghuang_info_dimension
    <if test="_parameter != null">
      <include refid="Example_Where_Clause" />
    </if>
    <if test="orderByClause != null">
      order by ${orderByClause}
    </if>
  </select>
  <delete id="deleteByExample" parameterType="com.sankuai.tripdatecenter.databp.fenghuang.dao.po.example.DimensionPOExample">
    <!--
      WARNING - @mbg.generated
      This element is automatically generated by MyBatis Generator, do not modify.
      This element was generated on Thu Dec 08 20:58:14 CST 2022.
    -->
    delete from fenghuang_info_dimension
    <if test="_parameter != null">
      <include refid="Example_Where_Clause" />
    </if>
  </delete>
  <insert id="insert" parameterType="com.sankuai.tripdatecenter.databp.fenghuang.dao.po.DimensionPO">
    <!--
      WARNING - @mbg.generated
      This element is automatically generated by MyBatis Generator, do not modify.
      This element was generated on Thu Dec 08 20:58:14 CST 2022.
    -->
    <selectKey keyProperty="id" order="AFTER" resultType="java.lang.Long">
      SELECT LAST_INSERT_ID()
    </selectKey>
    insert into fenghuang_info_dimension (dimension_id, version, app_id, 
      app_type, dimension_code, dimension_name, 
      dimension_type, dimension_comment, is_delete, 
      created_mis, last_update_mis, created_time, 
      update_time, business_id)
    values (#{dimensionId,jdbcType=VARCHAR}, #{version,jdbcType=BIGINT}, #{appId,jdbcType=BIGINT}, 
      #{appType,jdbcType=CHAR}, #{dimensionCode,jdbcType=VARCHAR}, #{dimensionName,jdbcType=VARCHAR}, 
      #{dimensionType,jdbcType=VARCHAR}, #{dimensionComment,jdbcType=VARCHAR}, #{isDelete,jdbcType=SMALLINT}, 
      #{createdMis,jdbcType=VARCHAR}, #{lastUpdateMis,jdbcType=VARCHAR}, #{createdTime,jdbcType=TIMESTAMP}, 
      #{updateTime,jdbcType=TIMESTAMP}, #{businessId,jdbcType=VARCHAR})
  </insert>
  <insert id="insertSelective" parameterType="com.sankuai.tripdatecenter.databp.fenghuang.dao.po.DimensionPO">
    <!--
      WARNING - @mbg.generated
      This element is automatically generated by MyBatis Generator, do not modify.
      This element was generated on Thu Dec 08 20:58:14 CST 2022.
    -->
    <selectKey keyProperty="id" order="AFTER" resultType="java.lang.Long">
      SELECT LAST_INSERT_ID()
    </selectKey>
    insert into fenghuang_info_dimension
    <trim prefix="(" suffix=")" suffixOverrides=",">
      <if test="dimensionId != null">
        dimension_id,
      </if>
      <if test="version != null">
        version,
      </if>
      <if test="appId != null">
        app_id,
      </if>
      <if test="appType != null">
        app_type,
      </if>
      <if test="dimensionCode != null">
        dimension_code,
      </if>
      <if test="dimensionName != null">
        dimension_name,
      </if>
      <if test="dimensionType != null">
        dimension_type,
      </if>
      <if test="dimensionComment != null">
        dimension_comment,
      </if>
      <if test="isDelete != null">
        is_delete,
      </if>
      <if test="createdMis != null">
        created_mis,
      </if>
      <if test="lastUpdateMis != null">
        last_update_mis,
      </if>
      <if test="createdTime != null">
        created_time,
      </if>
      <if test="updateTime != null">
        update_time,
      </if>
      <if test="businessId != null">
        business_id,
      </if>
    </trim>
    <trim prefix="values (" suffix=")" suffixOverrides=",">
      <if test="dimensionId != null">
        #{dimensionId,jdbcType=VARCHAR},
      </if>
      <if test="version != null">
        #{version,jdbcType=BIGINT},
      </if>
      <if test="appId != null">
        #{appId,jdbcType=BIGINT},
      </if>
      <if test="appType != null">
        #{appType,jdbcType=CHAR},
      </if>
      <if test="dimensionCode != null">
        #{dimensionCode,jdbcType=VARCHAR},
      </if>
      <if test="dimensionName != null">
        #{dimensionName,jdbcType=VARCHAR},
      </if>
      <if test="dimensionType != null">
        #{dimensionType,jdbcType=VARCHAR},
      </if>
      <if test="dimensionComment != null">
        #{dimensionComment,jdbcType=VARCHAR},
      </if>
      <if test="isDelete != null">
        #{isDelete,jdbcType=SMALLINT},
      </if>
      <if test="createdMis != null">
        #{createdMis,jdbcType=VARCHAR},
      </if>
      <if test="lastUpdateMis != null">
        #{lastUpdateMis,jdbcType=VARCHAR},
      </if>
      <if test="createdTime != null">
        #{createdTime,jdbcType=TIMESTAMP},
      </if>
      <if test="updateTime != null">
        #{updateTime,jdbcType=TIMESTAMP},
      </if>
      <if test="businessId != null">
        #{businessId,jdbcType=VARCHAR},
      </if>
    </trim>
  </insert>
  <select id="countByExample" parameterType="com.sankuai.tripdatecenter.databp.fenghuang.dao.po.example.DimensionPOExample" resultType="java.lang.Long">
    <!--
      WARNING - @mbg.generated
      This element is automatically generated by MyBatis Generator, do not modify.
      This element was generated on Thu Dec 08 20:58:14 CST 2022.
    -->
    select count(*) from fenghuang_info_dimension
    <if test="_parameter != null">
      <include refid="Example_Where_Clause" />
    </if>
  </select>
  <update id="updateByExampleSelective" parameterType="map">
    <!--
      WARNING - @mbg.generated
      This element is automatically generated by MyBatis Generator, do not modify.
      This element was generated on Thu Dec 08 20:58:14 CST 2022.
    -->
    update fenghuang_info_dimension
    <set>
      <if test="record.id != null">
        id = #{record.id,jdbcType=BIGINT},
      </if>
      <if test="record.dimensionId != null">
        dimension_id = #{record.dimensionId,jdbcType=VARCHAR},
      </if>
      <if test="record.version != null">
        version = #{record.version,jdbcType=BIGINT},
      </if>
      <if test="record.appId != null">
        app_id = #{record.appId,jdbcType=BIGINT},
      </if>
      <if test="record.appType != null">
        app_type = #{record.appType,jdbcType=CHAR},
      </if>
      <if test="record.dimensionCode != null">
        dimension_code = #{record.dimensionCode,jdbcType=VARCHAR},
      </if>
      <if test="record.dimensionName != null">
        dimension_name = #{record.dimensionName,jdbcType=VARCHAR},
      </if>
      <if test="record.dimensionType != null">
        dimension_type = #{record.dimensionType,jdbcType=VARCHAR},
      </if>
      <if test="record.dimensionComment != null">
        dimension_comment = #{record.dimensionComment,jdbcType=VARCHAR},
      </if>
      <if test="record.isDelete != null">
        is_delete = #{record.isDelete,jdbcType=SMALLINT},
      </if>
      <if test="record.createdMis != null">
        created_mis = #{record.createdMis,jdbcType=VARCHAR},
      </if>
      <if test="record.lastUpdateMis != null">
        last_update_mis = #{record.lastUpdateMis,jdbcType=VARCHAR},
      </if>
      <if test="record.createdTime != null">
        created_time = #{record.createdTime,jdbcType=TIMESTAMP},
      </if>
      <if test="record.updateTime != null">
        update_time = #{record.updateTime,jdbcType=TIMESTAMP},
      </if>
      <if test="record.businessId != null">
        business_id = #{record.businessId,jdbcType=VARCHAR},
      </if>
    </set>
    <if test="example != null">
      <include refid="Update_By_Example_Where_Clause" />
    </if>
  </update>
  <update id="updateByExample" parameterType="map">
    <!--
      WARNING - @mbg.generated
      This element is automatically generated by MyBatis Generator, do not modify.
      This element was generated on Thu Dec 08 20:58:14 CST 2022.
    -->
    update fenghuang_info_dimension
    set id = #{record.id,jdbcType=BIGINT},
      dimension_id = #{record.dimensionId,jdbcType=VARCHAR},
      version = #{record.version,jdbcType=BIGINT},
      app_id = #{record.appId,jdbcType=BIGINT},
      app_type = #{record.appType,jdbcType=CHAR},
      dimension_code = #{record.dimensionCode,jdbcType=VARCHAR},
      dimension_name = #{record.dimensionName,jdbcType=VARCHAR},
      dimension_type = #{record.dimensionType,jdbcType=VARCHAR},
      dimension_comment = #{record.dimensionComment,jdbcType=VARCHAR},
      is_delete = #{record.isDelete,jdbcType=SMALLINT},
      created_mis = #{record.createdMis,jdbcType=VARCHAR},
      last_update_mis = #{record.lastUpdateMis,jdbcType=VARCHAR},
      created_time = #{record.createdTime,jdbcType=TIMESTAMP},
      update_time = #{record.updateTime,jdbcType=TIMESTAMP},
      business_id = #{record.businessId,jdbcType=VARCHAR}
    <if test="example != null">
      <include refid="Update_By_Example_Where_Clause" />
    </if>
  </update>
</mapper>