<?xml version="1.0" encoding="UTF-8"?>
<!DOCTYPE mapper PUBLIC "-//mybatis.org//DTD Mapper 3.0//EN" "http://mybatis.org/dtd/mybatis-3-mapper.dtd">
<mapper namespace="com.sankuai.tripdatecenter.databp.fenghuang.dao.mapper.auto.DimensionDictPOMapper">
  <resultMap id="BaseResultMap" type="com.sankuai.tripdatecenter.databp.fenghuang.dao.po.DimensionDictPO">
    <!--
      WARNING - @mbg.generated
      This element is automatically generated by MyBatis Generator, do not modify.
      This element was generated on Thu Jun 30 17:01:29 CST 2022.
    -->
    <result column="id" jdbcType="BIGINT" property="id" />
    <result column="dimension_id" jdbcType="VARCHAR" property="dimensionId" />
    <result column="dimension_code" jdbcType="VARCHAR" property="dimensionCode" />
    <result column="dimension_name" jdbcType="VARCHAR" property="dimensionName" />
    <result column="dimension_desc" jdbcType="VARCHAR" property="dimensionDesc" />
    <result column="order_seq" jdbcType="INTEGER" property="orderSeq" />
    <result column="is_delete" jdbcType="BIGINT" property="isDelete" />
    <result column="created_mis" jdbcType="VARCHAR" property="createdMis" />
    <result column="last_update_mis" jdbcType="VARCHAR" property="lastUpdateMis" />
    <result column="created_time" jdbcType="TIMESTAMP" property="createdTime" />
    <result column="update_time" jdbcType="TIMESTAMP" property="updateTime" />
  </resultMap>
  <sql id="Example_Where_Clause">
    <!--
      WARNING - @mbg.generated
      This element is automatically generated by MyBatis Generator, do not modify.
      This element was generated on Thu Jun 30 17:01:29 CST 2022.
    -->
    <where>
      <foreach collection="oredCriteria" item="criteria" separator="or">
        <if test="criteria.valid">
          <trim prefix="(" prefixOverrides="and" suffix=")">
            <foreach collection="criteria.criteria" item="criterion">
              <choose>
                <when test="criterion.noValue">
                  and ${criterion.condition}
                </when>
                <when test="criterion.singleValue">
                  and ${criterion.condition} #{criterion.value}
                </when>
                <when test="criterion.betweenValue">
                  and ${criterion.condition} #{criterion.value} and #{criterion.secondValue}
                </when>
                <when test="criterion.listValue">
                  and ${criterion.condition}
                  <foreach close=")" collection="criterion.value" item="listItem" open="(" separator=",">
                    #{listItem}
                  </foreach>
                </when>
              </choose>
            </foreach>
          </trim>
        </if>
      </foreach>
    </where>
  </sql>
  <sql id="Update_By_Example_Where_Clause">
    <!--
      WARNING - @mbg.generated
      This element is automatically generated by MyBatis Generator, do not modify.
      This element was generated on Thu Jun 30 17:01:29 CST 2022.
    -->
    <where>
      <foreach collection="example.oredCriteria" item="criteria" separator="or">
        <if test="criteria.valid">
          <trim prefix="(" prefixOverrides="and" suffix=")">
            <foreach collection="criteria.criteria" item="criterion">
              <choose>
                <when test="criterion.noValue">
                  and ${criterion.condition}
                </when>
                <when test="criterion.singleValue">
                  and ${criterion.condition} #{criterion.value}
                </when>
                <when test="criterion.betweenValue">
                  and ${criterion.condition} #{criterion.value} and #{criterion.secondValue}
                </when>
                <when test="criterion.listValue">
                  and ${criterion.condition}
                  <foreach close=")" collection="criterion.value" item="listItem" open="(" separator=",">
                    #{listItem}
                  </foreach>
                </when>
              </choose>
            </foreach>
          </trim>
        </if>
      </foreach>
    </where>
  </sql>
  <sql id="Base_Column_List">
    <!--
      WARNING - @mbg.generated
      This element is automatically generated by MyBatis Generator, do not modify.
      This element was generated on Thu Jun 30 17:01:29 CST 2022.
    -->
    id, dimension_id, dimension_code, dimension_name, dimension_desc, order_seq, is_delete, 
    created_mis, last_update_mis, created_time, update_time
  </sql>
  <select id="selectByExample" parameterType="com.sankuai.tripdatecenter.databp.fenghuang.dao.po.example.DimensionDictPOExample" resultMap="BaseResultMap">
    <!--
      WARNING - @mbg.generated
      This element is automatically generated by MyBatis Generator, do not modify.
      This element was generated on Thu Jun 30 17:01:29 CST 2022.
    -->
    select
    <if test="distinct">
      distinct
    </if>
    <include refid="Base_Column_List" />
    from fenghuang_info_dimension_dict
    <if test="_parameter != null">
      <include refid="Example_Where_Clause" />
    </if>
    <if test="orderByClause != null">
      order by ${orderByClause}
    </if>
  </select>
  <delete id="deleteByExample" parameterType="com.sankuai.tripdatecenter.databp.fenghuang.dao.po.example.DimensionDictPOExample">
    <!--
      WARNING - @mbg.generated
      This element is automatically generated by MyBatis Generator, do not modify.
      This element was generated on Thu Jun 30 17:01:29 CST 2022.
    -->
    delete from fenghuang_info_dimension_dict
    <if test="_parameter != null">
      <include refid="Example_Where_Clause" />
    </if>
  </delete>
  <insert id="insert" parameterType="com.sankuai.tripdatecenter.databp.fenghuang.dao.po.DimensionDictPO">
    <!--
      WARNING - @mbg.generated
      This element is automatically generated by MyBatis Generator, do not modify.
      This element was generated on Thu Jun 30 17:01:29 CST 2022.
    -->
    <selectKey keyProperty="id" order="AFTER" resultType="java.lang.Long">
      SELECT LAST_INSERT_ID()
    </selectKey>
    insert into fenghuang_info_dimension_dict (dimension_id, dimension_code, dimension_name, 
      dimension_desc, order_seq, is_delete, 
      created_mis, last_update_mis, created_time, 
      update_time)
    values (#{dimensionId,jdbcType=VARCHAR}, #{dimensionCode,jdbcType=VARCHAR}, #{dimensionName,jdbcType=VARCHAR}, 
      #{dimensionDesc,jdbcType=VARCHAR}, #{orderSeq,jdbcType=INTEGER}, #{isDelete,jdbcType=BIGINT}, 
      #{createdMis,jdbcType=VARCHAR}, #{lastUpdateMis,jdbcType=VARCHAR}, #{createdTime,jdbcType=TIMESTAMP}, 
      #{updateTime,jdbcType=TIMESTAMP})
  </insert>
  <insert id="insertSelective" parameterType="com.sankuai.tripdatecenter.databp.fenghuang.dao.po.DimensionDictPO">
    <!--
      WARNING - @mbg.generated
      This element is automatically generated by MyBatis Generator, do not modify.
      This element was generated on Thu Jun 30 17:01:29 CST 2022.
    -->
    <selectKey keyProperty="id" order="AFTER" resultType="java.lang.Long">
      SELECT LAST_INSERT_ID()
    </selectKey>
    insert into fenghuang_info_dimension_dict
    <trim prefix="(" suffix=")" suffixOverrides=",">
      <if test="dimensionId != null">
        dimension_id,
      </if>
      <if test="dimensionCode != null">
        dimension_code,
      </if>
      <if test="dimensionName != null">
        dimension_name,
      </if>
      <if test="dimensionDesc != null">
        dimension_desc,
      </if>
      <if test="orderSeq != null">
        order_seq,
      </if>
      <if test="isDelete != null">
        is_delete,
      </if>
      <if test="createdMis != null">
        created_mis,
      </if>
      <if test="lastUpdateMis != null">
        last_update_mis,
      </if>
      <if test="createdTime != null">
        created_time,
      </if>
      <if test="updateTime != null">
        update_time,
      </if>
    </trim>
    <trim prefix="values (" suffix=")" suffixOverrides=",">
      <if test="dimensionId != null">
        #{dimensionId,jdbcType=VARCHAR},
      </if>
      <if test="dimensionCode != null">
        #{dimensionCode,jdbcType=VARCHAR},
      </if>
      <if test="dimensionName != null">
        #{dimensionName,jdbcType=VARCHAR},
      </if>
      <if test="dimensionDesc != null">
        #{dimensionDesc,jdbcType=VARCHAR},
      </if>
      <if test="orderSeq != null">
        #{orderSeq,jdbcType=INTEGER},
      </if>
      <if test="isDelete != null">
        #{isDelete,jdbcType=BIGINT},
      </if>
      <if test="createdMis != null">
        #{createdMis,jdbcType=VARCHAR},
      </if>
      <if test="lastUpdateMis != null">
        #{lastUpdateMis,jdbcType=VARCHAR},
      </if>
      <if test="createdTime != null">
        #{createdTime,jdbcType=TIMESTAMP},
      </if>
      <if test="updateTime != null">
        #{updateTime,jdbcType=TIMESTAMP},
      </if>
    </trim>
  </insert>
  <select id="countByExample" parameterType="com.sankuai.tripdatecenter.databp.fenghuang.dao.po.example.DimensionDictPOExample" resultType="java.lang.Long">
    <!--
      WARNING - @mbg.generated
      This element is automatically generated by MyBatis Generator, do not modify.
      This element was generated on Thu Jun 30 17:01:29 CST 2022.
    -->
    select count(*) from fenghuang_info_dimension_dict
    <if test="_parameter != null">
      <include refid="Example_Where_Clause" />
    </if>
  </select>
  <update id="updateByExampleSelective" parameterType="map">
    <!--
      WARNING - @mbg.generated
      This element is automatically generated by MyBatis Generator, do not modify.
      This element was generated on Thu Jun 30 17:01:29 CST 2022.
    -->
    update fenghuang_info_dimension_dict
    <set>
      <if test="record.id != null">
        id = #{record.id,jdbcType=BIGINT},
      </if>
      <if test="record.dimensionId != null">
        dimension_id = #{record.dimensionId,jdbcType=VARCHAR},
      </if>
      <if test="record.dimensionCode != null">
        dimension_code = #{record.dimensionCode,jdbcType=VARCHAR},
      </if>
      <if test="record.dimensionName != null">
        dimension_name = #{record.dimensionName,jdbcType=VARCHAR},
      </if>
      <if test="record.dimensionDesc != null">
        dimension_desc = #{record.dimensionDesc,jdbcType=VARCHAR},
      </if>
      <if test="record.orderSeq != null">
        order_seq = #{record.orderSeq,jdbcType=INTEGER},
      </if>
      <if test="record.isDelete != null">
        is_delete = #{record.isDelete,jdbcType=BIGINT},
      </if>
      <if test="record.createdMis != null">
        created_mis = #{record.createdMis,jdbcType=VARCHAR},
      </if>
      <if test="record.lastUpdateMis != null">
        last_update_mis = #{record.lastUpdateMis,jdbcType=VARCHAR},
      </if>
      <if test="record.createdTime != null">
        created_time = #{record.createdTime,jdbcType=TIMESTAMP},
      </if>
      <if test="record.updateTime != null">
        update_time = #{record.updateTime,jdbcType=TIMESTAMP},
      </if>
    </set>
    <if test="example != null">
      <include refid="Update_By_Example_Where_Clause" />
    </if>
  </update>
  <update id="updateByExample" parameterType="map">
    <!--
      WARNING - @mbg.generated
      This element is automatically generated by MyBatis Generator, do not modify.
      This element was generated on Thu Jun 30 17:01:29 CST 2022.
    -->
    update fenghuang_info_dimension_dict
    set id = #{record.id,jdbcType=BIGINT},
      dimension_id = #{record.dimensionId,jdbcType=VARCHAR},
      dimension_code = #{record.dimensionCode,jdbcType=VARCHAR},
      dimension_name = #{record.dimensionName,jdbcType=VARCHAR},
      dimension_desc = #{record.dimensionDesc,jdbcType=VARCHAR},
      order_seq = #{record.orderSeq,jdbcType=INTEGER},
      is_delete = #{record.isDelete,jdbcType=BIGINT},
      created_mis = #{record.createdMis,jdbcType=VARCHAR},
      last_update_mis = #{record.lastUpdateMis,jdbcType=VARCHAR},
      created_time = #{record.createdTime,jdbcType=TIMESTAMP},
      update_time = #{record.updateTime,jdbcType=TIMESTAMP}
    <if test="example != null">
      <include refid="Update_By_Example_Where_Clause" />
    </if>
  </update>
</mapper>