<?xml version="1.0" encoding="UTF-8"?>
<!DOCTYPE mapper PUBLIC "-//mybatis.org//DTD Mapper 3.0//EN" "http://mybatis.org/dtd/mybatis-3-mapper.dtd">
<mapper namespace="com.sankuai.tripdatecenter.databp.fenghuang.dao.mapper.auto.DimReduceDimEnumPOMapper">
  <resultMap id="BaseResultMap" type="com.sankuai.tripdatecenter.databp.fenghuang.dao.po.DimReduceDimEnumPO">
    <!--
      WARNING - @mbg.generated
      This element is automatically generated by MyBatis Generator, do not modify.
      This element was generated on Fri Sep 16 12:52:47 CST 2022.
    -->
    <result column="id" jdbcType="BIGINT" property="id" />
    <result column="report_id" jdbcType="BIGINT" property="reportId" />
    <result column="topic_id" jdbcType="BIGINT" property="topicId" />
    <result column="version" jdbcType="BIGINT" property="version" />
    <result column="indicator_id" jdbcType="VARCHAR" property="indicatorId" />
    <result column="dimension_id" jdbcType="VARCHAR" property="dimensionId" />
    <result column="dimension_enum_code" jdbcType="VARCHAR" property="dimensionEnumCode" />
    <result column="dimension_enum_name" jdbcType="VARCHAR" property="dimensionEnumName" />
    <result column="order_num" jdbcType="INTEGER" property="orderNum" />
    <result column="is_delete" jdbcType="SMALLINT" property="isDelete" />
    <result column="created_mis" jdbcType="VARCHAR" property="createdMis" />
    <result column="last_update_mis" jdbcType="VARCHAR" property="lastUpdateMis" />
    <result column="created_time" jdbcType="TIMESTAMP" property="createdTime" />
    <result column="update_time" jdbcType="TIMESTAMP" property="updateTime" />
  </resultMap>
  <sql id="Example_Where_Clause">
    <!--
      WARNING - @mbg.generated
      This element is automatically generated by MyBatis Generator, do not modify.
      This element was generated on Fri Sep 16 12:52:47 CST 2022.
    -->
    <where>
      <foreach collection="oredCriteria" item="criteria" separator="or">
        <if test="criteria.valid">
          <trim prefix="(" prefixOverrides="and" suffix=")">
            <foreach collection="criteria.criteria" item="criterion">
              <choose>
                <when test="criterion.noValue">
                  and ${criterion.condition}
                </when>
                <when test="criterion.singleValue">
                  and ${criterion.condition} #{criterion.value}
                </when>
                <when test="criterion.betweenValue">
                  and ${criterion.condition} #{criterion.value} and #{criterion.secondValue}
                </when>
                <when test="criterion.listValue">
                  and ${criterion.condition}
                  <foreach close=")" collection="criterion.value" item="listItem" open="(" separator=",">
                    #{listItem}
                  </foreach>
                </when>
              </choose>
            </foreach>
          </trim>
        </if>
      </foreach>
    </where>
  </sql>
  <sql id="Update_By_Example_Where_Clause">
    <!--
      WARNING - @mbg.generated
      This element is automatically generated by MyBatis Generator, do not modify.
      This element was generated on Fri Sep 16 12:52:47 CST 2022.
    -->
    <where>
      <foreach collection="example.oredCriteria" item="criteria" separator="or">
        <if test="criteria.valid">
          <trim prefix="(" prefixOverrides="and" suffix=")">
            <foreach collection="criteria.criteria" item="criterion">
              <choose>
                <when test="criterion.noValue">
                  and ${criterion.condition}
                </when>
                <when test="criterion.singleValue">
                  and ${criterion.condition} #{criterion.value}
                </when>
                <when test="criterion.betweenValue">
                  and ${criterion.condition} #{criterion.value} and #{criterion.secondValue}
                </when>
                <when test="criterion.listValue">
                  and ${criterion.condition}
                  <foreach close=")" collection="criterion.value" item="listItem" open="(" separator=",">
                    #{listItem}
                  </foreach>
                </when>
              </choose>
            </foreach>
          </trim>
        </if>
      </foreach>
    </where>
  </sql>
  <sql id="Base_Column_List">
    <!--
      WARNING - @mbg.generated
      This element is automatically generated by MyBatis Generator, do not modify.
      This element was generated on Fri Sep 16 12:52:47 CST 2022.
    -->
    id, report_id, topic_id, version, indicator_id, dimension_id, dimension_enum_code, 
    dimension_enum_name, order_num, is_delete, created_mis, last_update_mis, created_time, 
    update_time
  </sql>
  <select id="selectByExample" parameterType="com.sankuai.tripdatecenter.databp.fenghuang.dao.po.example.DimReduceDimEnumPOExample" resultMap="BaseResultMap">
    <!--
      WARNING - @mbg.generated
      This element is automatically generated by MyBatis Generator, do not modify.
      This element was generated on Fri Sep 16 12:52:47 CST 2022.
    -->
    select
    <if test="distinct">
      distinct
    </if>
    <include refid="Base_Column_List" />
    from fenghuang_info_dim_reduce_dim_enum
    <if test="_parameter != null">
      <include refid="Example_Where_Clause" />
    </if>
    <if test="orderByClause != null">
      order by ${orderByClause}
    </if>
  </select>
  <delete id="deleteByExample" parameterType="com.sankuai.tripdatecenter.databp.fenghuang.dao.po.example.DimReduceDimEnumPOExample">
    <!--
      WARNING - @mbg.generated
      This element is automatically generated by MyBatis Generator, do not modify.
      This element was generated on Fri Sep 16 12:52:47 CST 2022.
    -->
    delete from fenghuang_info_dim_reduce_dim_enum
    <if test="_parameter != null">
      <include refid="Example_Where_Clause" />
    </if>
  </delete>
  <insert id="insert" parameterType="com.sankuai.tripdatecenter.databp.fenghuang.dao.po.DimReduceDimEnumPO">
    <!--
      WARNING - @mbg.generated
      This element is automatically generated by MyBatis Generator, do not modify.
      This element was generated on Fri Sep 16 12:52:47 CST 2022.
    -->
    <selectKey keyProperty="id" order="AFTER" resultType="java.lang.Long">
      SELECT LAST_INSERT_ID()
    </selectKey>
    insert into fenghuang_info_dim_reduce_dim_enum (report_id, topic_id, version, 
      indicator_id, dimension_id, dimension_enum_code, 
      dimension_enum_name, order_num, is_delete, 
      created_mis, last_update_mis, created_time, 
      update_time)
    values (#{reportId,jdbcType=BIGINT}, #{topicId,jdbcType=BIGINT}, #{version,jdbcType=BIGINT}, 
      #{indicatorId,jdbcType=VARCHAR}, #{dimensionId,jdbcType=VARCHAR}, #{dimensionEnumCode,jdbcType=VARCHAR}, 
      #{dimensionEnumName,jdbcType=VARCHAR}, #{orderNum,jdbcType=INTEGER}, #{isDelete,jdbcType=SMALLINT}, 
      #{createdMis,jdbcType=VARCHAR}, #{lastUpdateMis,jdbcType=VARCHAR}, #{createdTime,jdbcType=TIMESTAMP}, 
      #{updateTime,jdbcType=TIMESTAMP})
  </insert>
  <insert id="insertSelective" parameterType="com.sankuai.tripdatecenter.databp.fenghuang.dao.po.DimReduceDimEnumPO">
    <!--
      WARNING - @mbg.generated
      This element is automatically generated by MyBatis Generator, do not modify.
      This element was generated on Fri Sep 16 12:52:47 CST 2022.
    -->
    <selectKey keyProperty="id" order="AFTER" resultType="java.lang.Long">
      SELECT LAST_INSERT_ID()
    </selectKey>
    insert into fenghuang_info_dim_reduce_dim_enum
    <trim prefix="(" suffix=")" suffixOverrides=",">
      <if test="reportId != null">
        report_id,
      </if>
      <if test="topicId != null">
        topic_id,
      </if>
      <if test="version != null">
        version,
      </if>
      <if test="indicatorId != null">
        indicator_id,
      </if>
      <if test="dimensionId != null">
        dimension_id,
      </if>
      <if test="dimensionEnumCode != null">
        dimension_enum_code,
      </if>
      <if test="dimensionEnumName != null">
        dimension_enum_name,
      </if>
      <if test="orderNum != null">
        order_num,
      </if>
      <if test="isDelete != null">
        is_delete,
      </if>
      <if test="createdMis != null">
        created_mis,
      </if>
      <if test="lastUpdateMis != null">
        last_update_mis,
      </if>
      <if test="createdTime != null">
        created_time,
      </if>
      <if test="updateTime != null">
        update_time,
      </if>
    </trim>
    <trim prefix="values (" suffix=")" suffixOverrides=",">
      <if test="reportId != null">
        #{reportId,jdbcType=BIGINT},
      </if>
      <if test="topicId != null">
        #{topicId,jdbcType=BIGINT},
      </if>
      <if test="version != null">
        #{version,jdbcType=BIGINT},
      </if>
      <if test="indicatorId != null">
        #{indicatorId,jdbcType=VARCHAR},
      </if>
      <if test="dimensionId != null">
        #{dimensionId,jdbcType=VARCHAR},
      </if>
      <if test="dimensionEnumCode != null">
        #{dimensionEnumCode,jdbcType=VARCHAR},
      </if>
      <if test="dimensionEnumName != null">
        #{dimensionEnumName,jdbcType=VARCHAR},
      </if>
      <if test="orderNum != null">
        #{orderNum,jdbcType=INTEGER},
      </if>
      <if test="isDelete != null">
        #{isDelete,jdbcType=SMALLINT},
      </if>
      <if test="createdMis != null">
        #{createdMis,jdbcType=VARCHAR},
      </if>
      <if test="lastUpdateMis != null">
        #{lastUpdateMis,jdbcType=VARCHAR},
      </if>
      <if test="createdTime != null">
        #{createdTime,jdbcType=TIMESTAMP},
      </if>
      <if test="updateTime != null">
        #{updateTime,jdbcType=TIMESTAMP},
      </if>
    </trim>
  </insert>
  <select id="countByExample" parameterType="com.sankuai.tripdatecenter.databp.fenghuang.dao.po.example.DimReduceDimEnumPOExample" resultType="java.lang.Long">
    <!--
      WARNING - @mbg.generated
      This element is automatically generated by MyBatis Generator, do not modify.
      This element was generated on Fri Sep 16 12:52:47 CST 2022.
    -->
    select count(*) from fenghuang_info_dim_reduce_dim_enum
    <if test="_parameter != null">
      <include refid="Example_Where_Clause" />
    </if>
  </select>
  <update id="updateByExampleSelective" parameterType="map">
    <!--
      WARNING - @mbg.generated
      This element is automatically generated by MyBatis Generator, do not modify.
      This element was generated on Fri Sep 16 12:52:47 CST 2022.
    -->
    update fenghuang_info_dim_reduce_dim_enum
    <set>
      <if test="record.id != null">
        id = #{record.id,jdbcType=BIGINT},
      </if>
      <if test="record.reportId != null">
        report_id = #{record.reportId,jdbcType=BIGINT},
      </if>
      <if test="record.topicId != null">
        topic_id = #{record.topicId,jdbcType=BIGINT},
      </if>
      <if test="record.version != null">
        version = #{record.version,jdbcType=BIGINT},
      </if>
      <if test="record.indicatorId != null">
        indicator_id = #{record.indicatorId,jdbcType=VARCHAR},
      </if>
      <if test="record.dimensionId != null">
        dimension_id = #{record.dimensionId,jdbcType=VARCHAR},
      </if>
      <if test="record.dimensionEnumCode != null">
        dimension_enum_code = #{record.dimensionEnumCode,jdbcType=VARCHAR},
      </if>
      <if test="record.dimensionEnumName != null">
        dimension_enum_name = #{record.dimensionEnumName,jdbcType=VARCHAR},
      </if>
      <if test="record.orderNum != null">
        order_num = #{record.orderNum,jdbcType=INTEGER},
      </if>
      <if test="record.isDelete != null">
        is_delete = #{record.isDelete,jdbcType=SMALLINT},
      </if>
      <if test="record.createdMis != null">
        created_mis = #{record.createdMis,jdbcType=VARCHAR},
      </if>
      <if test="record.lastUpdateMis != null">
        last_update_mis = #{record.lastUpdateMis,jdbcType=VARCHAR},
      </if>
      <if test="record.createdTime != null">
        created_time = #{record.createdTime,jdbcType=TIMESTAMP},
      </if>
      <if test="record.updateTime != null">
        update_time = #{record.updateTime,jdbcType=TIMESTAMP},
      </if>
    </set>
    <if test="example != null">
      <include refid="Update_By_Example_Where_Clause" />
    </if>
  </update>
  <update id="updateByExample" parameterType="map">
    <!--
      WARNING - @mbg.generated
      This element is automatically generated by MyBatis Generator, do not modify.
      This element was generated on Fri Sep 16 12:52:47 CST 2022.
    -->
    update fenghuang_info_dim_reduce_dim_enum
    set id = #{record.id,jdbcType=BIGINT},
      report_id = #{record.reportId,jdbcType=BIGINT},
      topic_id = #{record.topicId,jdbcType=BIGINT},
      version = #{record.version,jdbcType=BIGINT},
      indicator_id = #{record.indicatorId,jdbcType=VARCHAR},
      dimension_id = #{record.dimensionId,jdbcType=VARCHAR},
      dimension_enum_code = #{record.dimensionEnumCode,jdbcType=VARCHAR},
      dimension_enum_name = #{record.dimensionEnumName,jdbcType=VARCHAR},
      order_num = #{record.orderNum,jdbcType=INTEGER},
      is_delete = #{record.isDelete,jdbcType=SMALLINT},
      created_mis = #{record.createdMis,jdbcType=VARCHAR},
      last_update_mis = #{record.lastUpdateMis,jdbcType=VARCHAR},
      created_time = #{record.createdTime,jdbcType=TIMESTAMP},
      update_time = #{record.updateTime,jdbcType=TIMESTAMP}
    <if test="example != null">
      <include refid="Update_By_Example_Where_Clause" />
    </if>
  </update>
</mapper>