<?xml version="1.0" encoding="UTF-8"?>
<!DOCTYPE mapper PUBLIC "-//mybatis.org//DTD Mapper 3.0//EN" "http://mybatis.org/dtd/mybatis-3-mapper.dtd">
<mapper namespace="com.sankuai.tripdatecenter.databp.fenghuang.dao.mapper.auto.GwObjBuffaloInfoMapper">
  <resultMap id="BaseResultMap" type="com.sankuai.tripdatecenter.databp.fenghuang.dao.po.GwObjBuffaloInfo">
    <!--
      WARNING - @mbg.generated
      This element is automatically generated by MyBatis Generator, do not modify.
      This element was generated on Wed Apr 06 18:51:07 CST 2022.
    -->
    <result column="id" jdbcType="BIGINT" property="id" />
    <result column="domain_code" jdbcType="VARCHAR" property="domainCode" />
    <result column="api_name" jdbcType="VARCHAR" property="apiName" />
    <result column="api_desc" jdbcType="VARCHAR" property="apiDesc" />
    <result column="create_user" jdbcType="VARCHAR" property="createUser" />
    <result column="create_user_name" jdbcType="VARCHAR" property="createUserName" />
    <result column="create_time" jdbcType="TIMESTAMP" property="createTime" />
    <result column="last_modifier" jdbcType="VARCHAR" property="lastModifier" />
    <result column="last_modifier_name" jdbcType="VARCHAR" property="lastModifierName" />
    <result column="last_modify_time" jdbcType="TIMESTAMP" property="lastModifyTime" />
    <result column="is_deleted" jdbcType="BIGINT" property="isDeleted" />
    <result column="slow_tag" jdbcType="INTEGER" property="slowTag" />
  </resultMap>
  <sql id="Example_Where_Clause">
    <!--
      WARNING - @mbg.generated
      This element is automatically generated by MyBatis Generator, do not modify.
      This element was generated on Wed Apr 06 18:51:07 CST 2022.
    -->
    <where>
      <foreach collection="oredCriteria" item="criteria" separator="or">
        <if test="criteria.valid">
          <trim prefix="(" prefixOverrides="and" suffix=")">
            <foreach collection="criteria.criteria" item="criterion">
              <choose>
                <when test="criterion.noValue">
                  and ${criterion.condition}
                </when>
                <when test="criterion.singleValue">
                  and ${criterion.condition} #{criterion.value}
                </when>
                <when test="criterion.betweenValue">
                  and ${criterion.condition} #{criterion.value} and #{criterion.secondValue}
                </when>
                <when test="criterion.listValue">
                  and ${criterion.condition}
                  <foreach close=")" collection="criterion.value" item="listItem" open="(" separator=",">
                    #{listItem}
                  </foreach>
                </when>
              </choose>
            </foreach>
          </trim>
        </if>
      </foreach>
    </where>
  </sql>
  <sql id="Update_By_Example_Where_Clause">
    <!--
      WARNING - @mbg.generated
      This element is automatically generated by MyBatis Generator, do not modify.
      This element was generated on Wed Apr 06 18:51:07 CST 2022.
    -->
    <where>
      <foreach collection="example.oredCriteria" item="criteria" separator="or">
        <if test="criteria.valid">
          <trim prefix="(" prefixOverrides="and" suffix=")">
            <foreach collection="criteria.criteria" item="criterion">
              <choose>
                <when test="criterion.noValue">
                  and ${criterion.condition}
                </when>
                <when test="criterion.singleValue">
                  and ${criterion.condition} #{criterion.value}
                </when>
                <when test="criterion.betweenValue">
                  and ${criterion.condition} #{criterion.value} and #{criterion.secondValue}
                </when>
                <when test="criterion.listValue">
                  and ${criterion.condition}
                  <foreach close=")" collection="criterion.value" item="listItem" open="(" separator=",">
                    #{listItem}
                  </foreach>
                </when>
              </choose>
            </foreach>
          </trim>
        </if>
      </foreach>
    </where>
  </sql>
  <sql id="Base_Column_List">
    <!--
      WARNING - @mbg.generated
      This element is automatically generated by MyBatis Generator, do not modify.
      This element was generated on Wed Apr 06 18:51:07 CST 2022.
    -->
    id, domain_code, api_name, api_desc, create_user, create_user_name, create_time, 
    last_modifier, last_modifier_name, last_modify_time, is_deleted, slow_tag
  </sql>
  <select id="selectByExample" parameterType="com.sankuai.tripdatecenter.databp.fenghuang.dao.po.example.GwObjBuffaloInfoExample" resultMap="BaseResultMap">
    <!--
      WARNING - @mbg.generated
      This element is automatically generated by MyBatis Generator, do not modify.
      This element was generated on Wed Apr 06 18:51:07 CST 2022.
    -->
    select
    <if test="distinct">
      distinct
    </if>
    <include refid="Base_Column_List" />
    from gw_obj_buffalo_info
    <if test="_parameter != null">
      <include refid="Example_Where_Clause" />
    </if>
    <if test="orderByClause != null">
      order by ${orderByClause}
    </if>
  </select>
  <delete id="deleteByExample" parameterType="com.sankuai.tripdatecenter.databp.fenghuang.dao.po.example.GwObjBuffaloInfoExample">
    <!--
      WARNING - @mbg.generated
      This element is automatically generated by MyBatis Generator, do not modify.
      This element was generated on Wed Apr 06 18:51:07 CST 2022.
    -->
    delete from gw_obj_buffalo_info
    <if test="_parameter != null">
      <include refid="Example_Where_Clause" />
    </if>
  </delete>
  <insert id="insert" parameterType="com.sankuai.tripdatecenter.databp.fenghuang.dao.po.GwObjBuffaloInfo">
    <!--
      WARNING - @mbg.generated
      This element is automatically generated by MyBatis Generator, do not modify.
      This element was generated on Wed Apr 06 18:51:07 CST 2022.
    -->
    <selectKey keyProperty="id" order="AFTER" resultType="java.lang.Long">
      SELECT LAST_INSERT_ID()
    </selectKey>
    insert into gw_obj_buffalo_info (domain_code, api_name, api_desc, 
      create_user, create_user_name, create_time, 
      last_modifier, last_modifier_name, last_modify_time, 
      is_deleted, slow_tag)
    values (#{domainCode,jdbcType=VARCHAR}, #{apiName,jdbcType=VARCHAR}, #{apiDesc,jdbcType=VARCHAR}, 
      #{createUser,jdbcType=VARCHAR}, #{createUserName,jdbcType=VARCHAR}, #{createTime,jdbcType=TIMESTAMP}, 
      #{lastModifier,jdbcType=VARCHAR}, #{lastModifierName,jdbcType=VARCHAR}, #{lastModifyTime,jdbcType=TIMESTAMP}, 
      #{isDeleted,jdbcType=BIGINT}, #{slowTag,jdbcType=INTEGER})
  </insert>
  <insert id="insertSelective" parameterType="com.sankuai.tripdatecenter.databp.fenghuang.dao.po.GwObjBuffaloInfo">
    <!--
      WARNING - @mbg.generated
      This element is automatically generated by MyBatis Generator, do not modify.
      This element was generated on Wed Apr 06 18:51:07 CST 2022.
    -->
    <selectKey keyProperty="id" order="AFTER" resultType="java.lang.Long">
      SELECT LAST_INSERT_ID()
    </selectKey>
    insert into gw_obj_buffalo_info
    <trim prefix="(" suffix=")" suffixOverrides=",">
      <if test="domainCode != null">
        domain_code,
      </if>
      <if test="apiName != null">
        api_name,
      </if>
      <if test="apiDesc != null">
        api_desc,
      </if>
      <if test="createUser != null">
        create_user,
      </if>
      <if test="createUserName != null">
        create_user_name,
      </if>
      <if test="createTime != null">
        create_time,
      </if>
      <if test="lastModifier != null">
        last_modifier,
      </if>
      <if test="lastModifierName != null">
        last_modifier_name,
      </if>
      <if test="lastModifyTime != null">
        last_modify_time,
      </if>
      <if test="isDeleted != null">
        is_deleted,
      </if>
      <if test="slowTag != null">
        slow_tag,
      </if>
    </trim>
    <trim prefix="values (" suffix=")" suffixOverrides=",">
      <if test="domainCode != null">
        #{domainCode,jdbcType=VARCHAR},
      </if>
      <if test="apiName != null">
        #{apiName,jdbcType=VARCHAR},
      </if>
      <if test="apiDesc != null">
        #{apiDesc,jdbcType=VARCHAR},
      </if>
      <if test="createUser != null">
        #{createUser,jdbcType=VARCHAR},
      </if>
      <if test="createUserName != null">
        #{createUserName,jdbcType=VARCHAR},
      </if>
      <if test="createTime != null">
        #{createTime,jdbcType=TIMESTAMP},
      </if>
      <if test="lastModifier != null">
        #{lastModifier,jdbcType=VARCHAR},
      </if>
      <if test="lastModifierName != null">
        #{lastModifierName,jdbcType=VARCHAR},
      </if>
      <if test="lastModifyTime != null">
        #{lastModifyTime,jdbcType=TIMESTAMP},
      </if>
      <if test="isDeleted != null">
        #{isDeleted,jdbcType=BIGINT},
      </if>
      <if test="slowTag != null">
        #{slowTag,jdbcType=INTEGER},
      </if>
    </trim>
  </insert>
  <select id="countByExample" parameterType="com.sankuai.tripdatecenter.databp.fenghuang.dao.po.example.GwObjBuffaloInfoExample" resultType="java.lang.Long">
    <!--
      WARNING - @mbg.generated
      This element is automatically generated by MyBatis Generator, do not modify.
      This element was generated on Wed Apr 06 18:51:07 CST 2022.
    -->
    select count(*) from gw_obj_buffalo_info
    <if test="_parameter != null">
      <include refid="Example_Where_Clause" />
    </if>
  </select>
  <update id="updateByExampleSelective" parameterType="map">
    <!--
      WARNING - @mbg.generated
      This element is automatically generated by MyBatis Generator, do not modify.
      This element was generated on Wed Apr 06 18:51:07 CST 2022.
    -->
    update gw_obj_buffalo_info
    <set>
      <if test="record.id != null">
        id = #{record.id,jdbcType=BIGINT},
      </if>
      <if test="record.domainCode != null">
        domain_code = #{record.domainCode,jdbcType=VARCHAR},
      </if>
      <if test="record.apiName != null">
        api_name = #{record.apiName,jdbcType=VARCHAR},
      </if>
      <if test="record.apiDesc != null">
        api_desc = #{record.apiDesc,jdbcType=VARCHAR},
      </if>
      <if test="record.createUser != null">
        create_user = #{record.createUser,jdbcType=VARCHAR},
      </if>
      <if test="record.createUserName != null">
        create_user_name = #{record.createUserName,jdbcType=VARCHAR},
      </if>
      <if test="record.createTime != null">
        create_time = #{record.createTime,jdbcType=TIMESTAMP},
      </if>
      <if test="record.lastModifier != null">
        last_modifier = #{record.lastModifier,jdbcType=VARCHAR},
      </if>
      <if test="record.lastModifierName != null">
        last_modifier_name = #{record.lastModifierName,jdbcType=VARCHAR},
      </if>
      <if test="record.lastModifyTime != null">
        last_modify_time = #{record.lastModifyTime,jdbcType=TIMESTAMP},
      </if>
      <if test="record.isDeleted != null">
        is_deleted = #{record.isDeleted,jdbcType=BIGINT},
      </if>
      <if test="record.slowTag != null">
        slow_tag = #{record.slowTag,jdbcType=INTEGER},
      </if>
    </set>
    <if test="example != null">
      <include refid="Update_By_Example_Where_Clause" />
    </if>
  </update>
  <update id="updateByExample" parameterType="map">
    <!--
      WARNING - @mbg.generated
      This element is automatically generated by MyBatis Generator, do not modify.
      This element was generated on Wed Apr 06 18:51:07 CST 2022.
    -->
    update gw_obj_buffalo_info
    set id = #{record.id,jdbcType=BIGINT},
      domain_code = #{record.domainCode,jdbcType=VARCHAR},
      api_name = #{record.apiName,jdbcType=VARCHAR},
      api_desc = #{record.apiDesc,jdbcType=VARCHAR},
      create_user = #{record.createUser,jdbcType=VARCHAR},
      create_user_name = #{record.createUserName,jdbcType=VARCHAR},
      create_time = #{record.createTime,jdbcType=TIMESTAMP},
      last_modifier = #{record.lastModifier,jdbcType=VARCHAR},
      last_modifier_name = #{record.lastModifierName,jdbcType=VARCHAR},
      last_modify_time = #{record.lastModifyTime,jdbcType=TIMESTAMP},
      is_deleted = #{record.isDeleted,jdbcType=BIGINT},
      slow_tag = #{record.slowTag,jdbcType=INTEGER}
    <if test="example != null">
      <include refid="Update_By_Example_Where_Clause" />
    </if>
  </update>
</mapper>