<?xml version="1.0" encoding="UTF-8"?>
<!DOCTYPE mapper PUBLIC "-//mybatis.org//DTD Mapper 3.0//EN" "http://mybatis.org/dtd/mybatis-3-mapper.dtd">
<mapper namespace="com.sankuai.tripdatecenter.databp.fenghuang.dao.mapper.auto.IndicatorPOMapper">
  <resultMap id="BaseResultMap" type="com.sankuai.tripdatecenter.databp.fenghuang.dao.po.IndicatorPO">
    <!--
      WARNING - @mbg.generated
      This element is automatically generated by MyBatis Generator, do not modify.
      This element was generated on Tue Mar 28 17:57:00 CST 2023.
    -->
    <result column="id" jdbcType="BIGINT" property="id" />
    <result column="indicator_id" jdbcType="VARCHAR" property="indicatorId" />
    <result column="version" jdbcType="BIGINT" property="version" />
    <result column="app_id" jdbcType="BIGINT" property="appId" />
    <result column="app_type" jdbcType="CHAR" property="appType" />
    <result column="indicator_code" jdbcType="VARCHAR" property="indicatorCode" />
    <result column="indicator_name" jdbcType="VARCHAR" property="indicatorName" />
    <result column="indicator_type" jdbcType="VARCHAR" property="indicatorType" />
    <result column="org_indicator_id" jdbcType="BIGINT" property="orgIndicatorId" />
    <result column="aggregate_function" jdbcType="VARCHAR" property="aggregateFunction" />
    <result column="indicator_comment" jdbcType="VARCHAR" property="indicatorComment" />
    <result column="is_delete" jdbcType="SMALLINT" property="isDelete" />
    <result column="created_mis" jdbcType="VARCHAR" property="createdMis" />
    <result column="last_update_mis" jdbcType="VARCHAR" property="lastUpdateMis" />
    <result column="created_time" jdbcType="TIMESTAMP" property="createdTime" />
    <result column="update_time" jdbcType="TIMESTAMP" property="updateTime" />
    <result column="indicator_unit" jdbcType="VARCHAR" property="indicatorUnit" />
    <result column="business_id" jdbcType="VARCHAR" property="businessId" />
  </resultMap>
  <sql id="Example_Where_Clause">
    <!--
      WARNING - @mbg.generated
      This element is automatically generated by MyBatis Generator, do not modify.
      This element was generated on Tue Mar 28 17:57:00 CST 2023.
    -->
    <where>
      <foreach collection="oredCriteria" item="criteria" separator="or">
        <if test="criteria.valid">
          <trim prefix="(" prefixOverrides="and" suffix=")">
            <foreach collection="criteria.criteria" item="criterion">
              <choose>
                <when test="criterion.noValue">
                  and ${criterion.condition}
                </when>
                <when test="criterion.singleValue">
                  and ${criterion.condition} #{criterion.value}
                </when>
                <when test="criterion.betweenValue">
                  and ${criterion.condition} #{criterion.value} and #{criterion.secondValue}
                </when>
                <when test="criterion.listValue">
                  and ${criterion.condition}
                  <foreach close=")" collection="criterion.value" item="listItem" open="(" separator=",">
                    #{listItem}
                  </foreach>
                </when>
              </choose>
            </foreach>
          </trim>
        </if>
      </foreach>
    </where>
  </sql>
  <sql id="Update_By_Example_Where_Clause">
    <!--
      WARNING - @mbg.generated
      This element is automatically generated by MyBatis Generator, do not modify.
      This element was generated on Tue Mar 28 17:57:00 CST 2023.
    -->
    <where>
      <foreach collection="example.oredCriteria" item="criteria" separator="or">
        <if test="criteria.valid">
          <trim prefix="(" prefixOverrides="and" suffix=")">
            <foreach collection="criteria.criteria" item="criterion">
              <choose>
                <when test="criterion.noValue">
                  and ${criterion.condition}
                </when>
                <when test="criterion.singleValue">
                  and ${criterion.condition} #{criterion.value}
                </when>
                <when test="criterion.betweenValue">
                  and ${criterion.condition} #{criterion.value} and #{criterion.secondValue}
                </when>
                <when test="criterion.listValue">
                  and ${criterion.condition}
                  <foreach close=")" collection="criterion.value" item="listItem" open="(" separator=",">
                    #{listItem}
                  </foreach>
                </when>
              </choose>
            </foreach>
          </trim>
        </if>
      </foreach>
    </where>
  </sql>
  <sql id="Base_Column_List">
    <!--
      WARNING - @mbg.generated
      This element is automatically generated by MyBatis Generator, do not modify.
      This element was generated on Tue Mar 28 17:57:00 CST 2023.
    -->
    id, indicator_id, version, app_id, app_type, indicator_code, indicator_name, indicator_type, 
    org_indicator_id, aggregate_function, indicator_comment, is_delete, created_mis, 
    last_update_mis, created_time, update_time, indicator_unit, business_id
  </sql>
  <select id="selectByExample" parameterType="com.sankuai.tripdatecenter.databp.fenghuang.dao.po.example.IndicatorPOExample" resultMap="BaseResultMap">
    <!--
      WARNING - @mbg.generated
      This element is automatically generated by MyBatis Generator, do not modify.
      This element was generated on Tue Mar 28 17:57:00 CST 2023.
    -->
    select
    <if test="distinct">
      distinct
    </if>
    <include refid="Base_Column_List" />
    from fenghuang_info_indicator
    <if test="_parameter != null">
      <include refid="Example_Where_Clause" />
    </if>
    <if test="orderByClause != null">
      order by ${orderByClause}
    </if>
  </select>
  <delete id="deleteByExample" parameterType="com.sankuai.tripdatecenter.databp.fenghuang.dao.po.example.IndicatorPOExample">
    <!--
      WARNING - @mbg.generated
      This element is automatically generated by MyBatis Generator, do not modify.
      This element was generated on Tue Mar 28 17:57:00 CST 2023.
    -->
    delete from fenghuang_info_indicator
    <if test="_parameter != null">
      <include refid="Example_Where_Clause" />
    </if>
  </delete>
  <insert id="insert" parameterType="com.sankuai.tripdatecenter.databp.fenghuang.dao.po.IndicatorPO">
    <!--
      WARNING - @mbg.generated
      This element is automatically generated by MyBatis Generator, do not modify.
      This element was generated on Tue Mar 28 17:57:00 CST 2023.
    -->
    <selectKey keyProperty="id" order="AFTER" resultType="java.lang.Long">
      SELECT LAST_INSERT_ID()
    </selectKey>
    insert into fenghuang_info_indicator (indicator_id, version, app_id, 
      app_type, indicator_code, indicator_name, 
      indicator_type, org_indicator_id, aggregate_function, 
      indicator_comment, is_delete, created_mis, 
      last_update_mis, created_time, update_time, 
      indicator_unit, business_id)
    values (#{indicatorId,jdbcType=VARCHAR}, #{version,jdbcType=BIGINT}, #{appId,jdbcType=BIGINT}, 
      #{appType,jdbcType=CHAR}, #{indicatorCode,jdbcType=VARCHAR}, #{indicatorName,jdbcType=VARCHAR}, 
      #{indicatorType,jdbcType=VARCHAR}, #{orgIndicatorId,jdbcType=BIGINT}, #{aggregateFunction,jdbcType=VARCHAR}, 
      #{indicatorComment,jdbcType=VARCHAR}, #{isDelete,jdbcType=SMALLINT}, #{createdMis,jdbcType=VARCHAR}, 
      #{lastUpdateMis,jdbcType=VARCHAR}, #{createdTime,jdbcType=TIMESTAMP}, #{updateTime,jdbcType=TIMESTAMP}, 
      #{indicatorUnit,jdbcType=VARCHAR}, #{businessId,jdbcType=VARCHAR})
  </insert>
  <insert id="insertSelective" parameterType="com.sankuai.tripdatecenter.databp.fenghuang.dao.po.IndicatorPO">
    <!--
      WARNING - @mbg.generated
      This element is automatically generated by MyBatis Generator, do not modify.
      This element was generated on Tue Mar 28 17:57:00 CST 2023.
    -->
    <selectKey keyProperty="id" order="AFTER" resultType="java.lang.Long">
      SELECT LAST_INSERT_ID()
    </selectKey>
    insert into fenghuang_info_indicator
    <trim prefix="(" suffix=")" suffixOverrides=",">
      <if test="indicatorId != null">
        indicator_id,
      </if>
      <if test="version != null">
        version,
      </if>
      <if test="appId != null">
        app_id,
      </if>
      <if test="appType != null">
        app_type,
      </if>
      <if test="indicatorCode != null">
        indicator_code,
      </if>
      <if test="indicatorName != null">
        indicator_name,
      </if>
      <if test="indicatorType != null">
        indicator_type,
      </if>
      <if test="orgIndicatorId != null">
        org_indicator_id,
      </if>
      <if test="aggregateFunction != null">
        aggregate_function,
      </if>
      <if test="indicatorComment != null">
        indicator_comment,
      </if>
      <if test="isDelete != null">
        is_delete,
      </if>
      <if test="createdMis != null">
        created_mis,
      </if>
      <if test="lastUpdateMis != null">
        last_update_mis,
      </if>
      <if test="createdTime != null">
        created_time,
      </if>
      <if test="updateTime != null">
        update_time,
      </if>
      <if test="indicatorUnit != null">
        indicator_unit,
      </if>
      <if test="businessId != null">
        business_id,
      </if>
    </trim>
    <trim prefix="values (" suffix=")" suffixOverrides=",">
      <if test="indicatorId != null">
        #{indicatorId,jdbcType=VARCHAR},
      </if>
      <if test="version != null">
        #{version,jdbcType=BIGINT},
      </if>
      <if test="appId != null">
        #{appId,jdbcType=BIGINT},
      </if>
      <if test="appType != null">
        #{appType,jdbcType=CHAR},
      </if>
      <if test="indicatorCode != null">
        #{indicatorCode,jdbcType=VARCHAR},
      </if>
      <if test="indicatorName != null">
        #{indicatorName,jdbcType=VARCHAR},
      </if>
      <if test="indicatorType != null">
        #{indicatorType,jdbcType=VARCHAR},
      </if>
      <if test="orgIndicatorId != null">
        #{orgIndicatorId,jdbcType=BIGINT},
      </if>
      <if test="aggregateFunction != null">
        #{aggregateFunction,jdbcType=VARCHAR},
      </if>
      <if test="indicatorComment != null">
        #{indicatorComment,jdbcType=VARCHAR},
      </if>
      <if test="isDelete != null">
        #{isDelete,jdbcType=SMALLINT},
      </if>
      <if test="createdMis != null">
        #{createdMis,jdbcType=VARCHAR},
      </if>
      <if test="lastUpdateMis != null">
        #{lastUpdateMis,jdbcType=VARCHAR},
      </if>
      <if test="createdTime != null">
        #{createdTime,jdbcType=TIMESTAMP},
      </if>
      <if test="updateTime != null">
        #{updateTime,jdbcType=TIMESTAMP},
      </if>
      <if test="indicatorUnit != null">
        #{indicatorUnit,jdbcType=VARCHAR},
      </if>
      <if test="businessId != null">
        #{businessId,jdbcType=VARCHAR},
      </if>
    </trim>
  </insert>
  <select id="countByExample" parameterType="com.sankuai.tripdatecenter.databp.fenghuang.dao.po.example.IndicatorPOExample" resultType="java.lang.Long">
    <!--
      WARNING - @mbg.generated
      This element is automatically generated by MyBatis Generator, do not modify.
      This element was generated on Tue Mar 28 17:57:00 CST 2023.
    -->
    select count(*) from fenghuang_info_indicator
    <if test="_parameter != null">
      <include refid="Example_Where_Clause" />
    </if>
  </select>
  <update id="updateByExampleSelective" parameterType="map">
    <!--
      WARNING - @mbg.generated
      This element is automatically generated by MyBatis Generator, do not modify.
      This element was generated on Tue Mar 28 17:57:00 CST 2023.
    -->
    update fenghuang_info_indicator
    <set>
      <if test="record.id != null">
        id = #{record.id,jdbcType=BIGINT},
      </if>
      <if test="record.indicatorId != null">
        indicator_id = #{record.indicatorId,jdbcType=VARCHAR},
      </if>
      <if test="record.version != null">
        version = #{record.version,jdbcType=BIGINT},
      </if>
      <if test="record.appId != null">
        app_id = #{record.appId,jdbcType=BIGINT},
      </if>
      <if test="record.appType != null">
        app_type = #{record.appType,jdbcType=CHAR},
      </if>
      <if test="record.indicatorCode != null">
        indicator_code = #{record.indicatorCode,jdbcType=VARCHAR},
      </if>
      <if test="record.indicatorName != null">
        indicator_name = #{record.indicatorName,jdbcType=VARCHAR},
      </if>
      <if test="record.indicatorType != null">
        indicator_type = #{record.indicatorType,jdbcType=VARCHAR},
      </if>
      <if test="record.orgIndicatorId != null">
        org_indicator_id = #{record.orgIndicatorId,jdbcType=BIGINT},
      </if>
      <if test="record.aggregateFunction != null">
        aggregate_function = #{record.aggregateFunction,jdbcType=VARCHAR},
      </if>
      <if test="record.indicatorComment != null">
        indicator_comment = #{record.indicatorComment,jdbcType=VARCHAR},
      </if>
      <if test="record.isDelete != null">
        is_delete = #{record.isDelete,jdbcType=SMALLINT},
      </if>
      <if test="record.createdMis != null">
        created_mis = #{record.createdMis,jdbcType=VARCHAR},
      </if>
      <if test="record.lastUpdateMis != null">
        last_update_mis = #{record.lastUpdateMis,jdbcType=VARCHAR},
      </if>
      <if test="record.createdTime != null">
        created_time = #{record.createdTime,jdbcType=TIMESTAMP},
      </if>
      <if test="record.updateTime != null">
        update_time = #{record.updateTime,jdbcType=TIMESTAMP},
      </if>
      <if test="record.indicatorUnit != null">
        indicator_unit = #{record.indicatorUnit,jdbcType=VARCHAR},
      </if>
      <if test="record.businessId != null">
        business_id = #{record.businessId,jdbcType=VARCHAR},
      </if>
    </set>
    <if test="example != null">
      <include refid="Update_By_Example_Where_Clause" />
    </if>
  </update>
  <update id="updateByExample" parameterType="map">
    <!--
      WARNING - @mbg.generated
      This element is automatically generated by MyBatis Generator, do not modify.
      This element was generated on Tue Mar 28 17:57:00 CST 2023.
    -->
    update fenghuang_info_indicator
    set id = #{record.id,jdbcType=BIGINT},
      indicator_id = #{record.indicatorId,jdbcType=VARCHAR},
      version = #{record.version,jdbcType=BIGINT},
      app_id = #{record.appId,jdbcType=BIGINT},
      app_type = #{record.appType,jdbcType=CHAR},
      indicator_code = #{record.indicatorCode,jdbcType=VARCHAR},
      indicator_name = #{record.indicatorName,jdbcType=VARCHAR},
      indicator_type = #{record.indicatorType,jdbcType=VARCHAR},
      org_indicator_id = #{record.orgIndicatorId,jdbcType=BIGINT},
      aggregate_function = #{record.aggregateFunction,jdbcType=VARCHAR},
      indicator_comment = #{record.indicatorComment,jdbcType=VARCHAR},
      is_delete = #{record.isDelete,jdbcType=SMALLINT},
      created_mis = #{record.createdMis,jdbcType=VARCHAR},
      last_update_mis = #{record.lastUpdateMis,jdbcType=VARCHAR},
      created_time = #{record.createdTime,jdbcType=TIMESTAMP},
      update_time = #{record.updateTime,jdbcType=TIMESTAMP},
      indicator_unit = #{record.indicatorUnit,jdbcType=VARCHAR},
      business_id = #{record.businessId,jdbcType=VARCHAR}
    <if test="example != null">
      <include refid="Update_By_Example_Where_Clause" />
    </if>
  </update>
</mapper>