<?xml version="1.0" encoding="UTF-8"?>
<!DOCTYPE mapper PUBLIC "-//mybatis.org//DTD Mapper 3.0//EN" "http://mybatis.org/dtd/mybatis-3-mapper.dtd">
<mapper namespace="com.sankuai.tripdatecenter.databp.fenghuang.dao.mapper.auto.MetaReportPOMapper">
  <resultMap id="BaseResultMap" type="com.sankuai.tripdatecenter.databp.fenghuang.dao.po.MetaReportPO">
    <!--
      WARNING - @mbg.generated
      This element is automatically generated by MyBatis Generator, do not modify.
      This element was generated on Tue Feb 07 18:08:26 CST 2023.
    -->
    <result column="id" jdbcType="BIGINT" property="id" />
    <result column="report_id" jdbcType="VARCHAR" property="reportId" />
    <result column="report_id_num" jdbcType="BIGINT" property="reportIdNum" />
    <result column="topic_id" jdbcType="VARCHAR" property="topicId" />
    <result column="topic_id_num" jdbcType="BIGINT" property="topicIdNum" />
    <result column="query_id" jdbcType="VARCHAR" property="queryId" />
    <result column="report_config" jdbcType="VARCHAR" property="reportConfig" />
    <result column="plugin_config" jdbcType="VARCHAR" property="pluginConfig" />
    <result column="created_time" jdbcType="TIMESTAMP" property="createdTime" />
    <result column="created_mis" jdbcType="VARCHAR" property="createdMis" />
    <result column="update_time" jdbcType="TIMESTAMP" property="updateTime" />
    <result column="update_mis" jdbcType="VARCHAR" property="updateMis" />
    <result column="version" jdbcType="SMALLINT" property="version" />
    <result column="is_online" jdbcType="SMALLINT" property="isOnline" />
    <result column="is_delete" jdbcType="SMALLINT" property="isDelete" />
    <result column="report_name" jdbcType="VARCHAR" property="reportName" />
    <result column="desc" jdbcType="VARCHAR" property="desc" />
    <result column="sql_receiver" jdbcType="VARCHAR" property="sqlReceiver" />
  </resultMap>
  <sql id="Example_Where_Clause">
    <!--
      WARNING - @mbg.generated
      This element is automatically generated by MyBatis Generator, do not modify.
      This element was generated on Tue Feb 07 18:08:26 CST 2023.
    -->
    <where>
      <foreach collection="oredCriteria" item="criteria" separator="or">
        <if test="criteria.valid">
          <trim prefix="(" prefixOverrides="and" suffix=")">
            <foreach collection="criteria.criteria" item="criterion">
              <choose>
                <when test="criterion.noValue">
                  and ${criterion.condition}
                </when>
                <when test="criterion.singleValue">
                  and ${criterion.condition} #{criterion.value}
                </when>
                <when test="criterion.betweenValue">
                  and ${criterion.condition} #{criterion.value} and #{criterion.secondValue}
                </when>
                <when test="criterion.listValue">
                  and ${criterion.condition}
                  <foreach close=")" collection="criterion.value" item="listItem" open="(" separator=",">
                    #{listItem}
                  </foreach>
                </when>
              </choose>
            </foreach>
          </trim>
        </if>
      </foreach>
    </where>
  </sql>
  <sql id="Update_By_Example_Where_Clause">
    <!--
      WARNING - @mbg.generated
      This element is automatically generated by MyBatis Generator, do not modify.
      This element was generated on Tue Feb 07 18:08:26 CST 2023.
    -->
    <where>
      <foreach collection="example.oredCriteria" item="criteria" separator="or">
        <if test="criteria.valid">
          <trim prefix="(" prefixOverrides="and" suffix=")">
            <foreach collection="criteria.criteria" item="criterion">
              <choose>
                <when test="criterion.noValue">
                  and ${criterion.condition}
                </when>
                <when test="criterion.singleValue">
                  and ${criterion.condition} #{criterion.value}
                </when>
                <when test="criterion.betweenValue">
                  and ${criterion.condition} #{criterion.value} and #{criterion.secondValue}
                </when>
                <when test="criterion.listValue">
                  and ${criterion.condition}
                  <foreach close=")" collection="criterion.value" item="listItem" open="(" separator=",">
                    #{listItem}
                  </foreach>
                </when>
              </choose>
            </foreach>
          </trim>
        </if>
      </foreach>
    </where>
  </sql>
  <sql id="Base_Column_List">
    <!--
      WARNING - @mbg.generated
      This element is automatically generated by MyBatis Generator, do not modify.
      This element was generated on Thu Sep 22 19:46:44 CST 2022.
    -->
    id, report_id, report_id_num, topic_id, topic_id_num, query_id, report_config, plugin_config, created_time, created_mis,
    update_time, update_mis,version,is_online,is_delete,report_name,`desc`,sql_receiver
  </sql>
  <select id="selectByExample" parameterType="com.sankuai.tripdatecenter.databp.fenghuang.dao.po.example.MetaReportPOExample" resultMap="BaseResultMap">
    <!--
      WARNING - @mbg.generated
      This element is automatically generated by MyBatis Generator, do not modify.
      This element was generated on Tue Feb 07 18:08:26 CST 2023.
    -->
    select
    <if test="distinct">
      distinct
    </if>
    <include refid="Base_Column_List" />
    from fenghuang_meta_info_report
    <if test="_parameter != null">
      <include refid="Example_Where_Clause" />
    </if>
    <if test="orderByClause != null">
      order by ${orderByClause}
    </if>
  </select>
  <delete id="deleteByExample" parameterType="com.sankuai.tripdatecenter.databp.fenghuang.dao.po.example.MetaReportPOExample">
    <!--
      WARNING - @mbg.generated
      This element is automatically generated by MyBatis Generator, do not modify.
      This element was generated on Tue Feb 07 18:08:26 CST 2023.
    -->
    delete from fenghuang_meta_info_report
    <if test="_parameter != null">
      <include refid="Example_Where_Clause" />
    </if>
  </delete>
  <insert id="insert" parameterType="com.sankuai.tripdatecenter.databp.fenghuang.dao.po.MetaReportPO">
    <!--
      WARNING - @mbg.generated
      This element is automatically generated by MyBatis Generator, do not modify.
      This element was generated on Tue Feb 07 18:08:26 CST 2023.
    -->
    <selectKey keyProperty="id" order="AFTER" resultType="java.lang.Long">
      SELECT LAST_INSERT_ID()
    </selectKey>
    insert into fenghuang_meta_info_report (report_id, report_id_num, topic_id, report_config, plugin_config,
      topic_id_num, query_id, created_time, 
      created_mis, update_time, update_mis, 
      version, is_online, is_delete, 
      report_name, desc, sql_receiver, 
      plugin_config, report_config)
    values (#{reportId,jdbcType=VARCHAR}, #{reportIdNum,jdbcType=BIGINT}, #{topicId,jdbcType=VARCHAR}, #{reportConfig,jdbcType=VARCHAR}, #{pluginConfig,jdbcType=VARCHAR},
      #{topicIdNum,jdbcType=BIGINT}, #{queryId,jdbcType=VARCHAR}, #{createdTime,jdbcType=TIMESTAMP}, 
      #{createdMis,jdbcType=VARCHAR}, #{updateTime,jdbcType=TIMESTAMP}, #{updateMis,jdbcType=VARCHAR}, 
      #{version,jdbcType=SMALLINT}, #{isOnline,jdbcType=SMALLINT}, #{isDelete,jdbcType=SMALLINT}, 
      #{reportName,jdbcType=VARCHAR}, #{desc,jdbcType=VARCHAR}, #{sqlReceiver,jdbcType=VARCHAR}, 
      #{pluginConfig,jdbcType=LONGVARCHAR}, #{reportConfig,jdbcType=LONGVARCHAR})
  </insert>
  <insert id="insertSelective" parameterType="com.sankuai.tripdatecenter.databp.fenghuang.dao.po.MetaReportPO">
    <!--
      WARNING - @mbg.generated
      This element is automatically generated by MyBatis Generator, do not modify.
      This element was generated on Tue Feb 07 18:08:26 CST 2023.
    -->
    <selectKey keyProperty="id" order="AFTER" resultType="java.lang.Long">
      SELECT LAST_INSERT_ID()
    </selectKey>
    insert into fenghuang_meta_info_report
    <trim prefix="(" suffix=")" suffixOverrides=",">
      <if test="reportId != null">
        report_id,
      </if>
      <if test="reportIdNum != null">
        report_id_num,
      </if>
      <if test="topicId != null">
        topic_id,
      </if>
      <if test="topicIdNum != null">
        topic_id_num,
      </if>
      <if test="queryId != null">
        query_id,
      </if>
      <if test="createdTime != null">
        created_time,
      </if>
      <if test="createdMis != null">
        created_mis,
      </if>
      <if test="updateTime != null">
        update_time,
      </if>
      <if test="updateMis != null">
        update_mis,
      </if>
      <if test="version != null">
        version,
      </if>
      <if test="isOnline != null">
        is_online,
      </if>
      <if test="isDelete != null">
        is_delete,
      </if>
      <if test="reportName != null">
        report_name,
      </if>
      <if test="desc != null">
        `desc`,
      </if>
      <if test="sqlReceiver != null">
        sql_receiver,
      </if>
      <if test="pluginConfig != null">
        plugin_config,
      </if>
      <if test="reportConfig != null">
        report_config,
      </if>
    </trim>
    <trim prefix="values (" suffix=")" suffixOverrides=",">
      <if test="reportId != null">
        #{reportId,jdbcType=VARCHAR},
      </if>
      <if test="reportIdNum != null">
        #{reportIdNum,jdbcType=BIGINT},
      </if>
      <if test="topicId != null">
        #{topicId,jdbcType=VARCHAR},
      </if>
      <if test="topicIdNum != null">
        #{topicIdNum,jdbcType=BIGINT},
      </if>
      <if test="queryId != null">
        #{queryId,jdbcType=VARCHAR},
      </if>
      <if test="createdTime != null">
        #{createdTime,jdbcType=TIMESTAMP},
      </if>
      <if test="createdMis != null">
        #{createdMis,jdbcType=VARCHAR},
      </if>
      <if test="updateTime != null">
        #{updateTime,jdbcType=TIMESTAMP},
      </if>
      <if test="updateMis != null">
        #{updateMis,jdbcType=VARCHAR},
      </if>
      <if test="version != null">
        #{version,jdbcType=SMALLINT},
      </if>
      <if test="isOnline != null">
        #{isOnline,jdbcType=SMALLINT},
      </if>
      <if test="isDelete != null">
        #{isDelete,jdbcType=SMALLINT},
      </if>
      <if test="reportName != null">
        #{reportName,jdbcType=VARCHAR},
      </if>
      <if test="desc != null">
        #{desc,jdbcType=VARCHAR},
      </if>
      <if test="sqlReceiver != null">
        #{sqlReceiver,jdbcType=VARCHAR},
      </if>
      <if test="pluginConfig != null">
        #{pluginConfig,jdbcType=LONGVARCHAR},
      </if>
      <if test="reportConfig != null">
        #{reportConfig,jdbcType=LONGVARCHAR},
      </if>
    </trim>
  </insert>
  <select id="countByExample" parameterType="com.sankuai.tripdatecenter.databp.fenghuang.dao.po.example.MetaReportPOExample" resultType="java.lang.Long">
    <!--
      WARNING - @mbg.generated
      This element is automatically generated by MyBatis Generator, do not modify.
      This element was generated on Tue Feb 07 18:08:26 CST 2023.
    -->
    select count(*) from fenghuang_meta_info_report
    <if test="_parameter != null">
      <include refid="Example_Where_Clause" />
    </if>
  </select>
  <update id="updateByExampleSelective" parameterType="map">
    <!--
      WARNING - @mbg.generated
      This element is automatically generated by MyBatis Generator, do not modify.
      This element was generated on Tue Feb 07 18:08:26 CST 2023.
    -->
    update fenghuang_meta_info_report
    <set>
      <if test="record.id != null">
        id = #{record.id,jdbcType=BIGINT},
      </if>
      <if test="record.reportId != null">
        report_id = #{record.reportId,jdbcType=VARCHAR},
      </if>
      <if test="record.reportIdNum != null">
        report_id_num = #{record.reportIdNum,jdbcType=BIGINT},
      </if>
      <if test="record.topicId != null">
        topic_id = #{record.topicId,jdbcType=VARCHAR},
      </if>
      <if test="record.topicIdNum != null">
        topic_id_num = #{record.topicIdNum,jdbcType=BIGINT},
      </if>
      <if test="record.queryId != null">
        query_id = #{record.queryId,jdbcType=VARCHAR},
      </if>
      <if test="record.createdTime != null">
        created_time = #{record.createdTime,jdbcType=TIMESTAMP},
      </if>
      <if test="record.createdMis != null">
        created_mis = #{record.createdMis,jdbcType=VARCHAR},
      </if>
      <if test="record.updateTime != null">
        update_time = #{record.updateTime,jdbcType=TIMESTAMP},
      </if>
      <if test="record.updateMis != null">
        update_mis = #{record.updateMis,jdbcType=VARCHAR},
      </if>
      <if test="record.version != null">
        version = #{record.version,jdbcType=SMALLINT},
      </if>
      <if test="record.isOnline != null">
        is_online = #{record.isOnline,jdbcType=SMALLINT},
      </if>
      <if test="record.isDelete != null">
        is_delete = #{record.isDelete,jdbcType=SMALLINT},
      </if>
      <if test="record.reportName != null">
        report_name = #{record.reportName,jdbcType=VARCHAR},
      </if>
      <if test="record.desc != null">
        `desc` = #{record.desc,jdbcType=VARCHAR},
      </if>
      <if test="record.sqlReceiver != null">
        sql_receiver = #{record.sqlReceiver,jdbcType=VARCHAR},
      </if>
      <if test="record.pluginConfig != null">
        plugin_config = #{record.pluginConfig,jdbcType=LONGVARCHAR},
      </if>
      <if test="record.reportConfig != null">
        report_config = #{record.reportConfig,jdbcType=LONGVARCHAR},
      </if>
    </set>
    <if test="example != null">
      <include refid="Update_By_Example_Where_Clause" />
    </if>
  </update>
  <update id="updateByExampleWithBLOBs" parameterType="map">
    <!--
      WARNING - @mbg.generated
      This element is automatically generated by MyBatis Generator, do not modify.
      This element was generated on Tue Feb 07 18:08:26 CST 2023.
    -->
    update fenghuang_meta_info_report
    set id = #{record.id,jdbcType=BIGINT},
      report_id = #{record.reportId,jdbcType=VARCHAR},
      report_id_num = #{record.reportIdNum,jdbcType=BIGINT},
      topic_id = #{record.topicId,jdbcType=VARCHAR},
      topic_id_num = #{record.topicIdNum,jdbcType=BIGINT},
      query_id = #{record.queryId,jdbcType=VARCHAR},
      created_time = #{record.createdTime,jdbcType=TIMESTAMP},
      created_mis = #{record.createdMis,jdbcType=VARCHAR},
      update_time = #{record.updateTime,jdbcType=TIMESTAMP},
      update_mis = #{record.updateMis,jdbcType=VARCHAR},
      version = #{record.version,jdbcType=SMALLINT},
      is_online = #{record.isOnline,jdbcType=SMALLINT},
      is_delete = #{record.isDelete,jdbcType=SMALLINT},
      report_name = #{record.reportName,jdbcType=VARCHAR},
      `desc` = #{record.desc,jdbcType=VARCHAR},
      sql_receiver = #{record.sqlReceiver,jdbcType=VARCHAR},
      plugin_config = #{record.pluginConfig,jdbcType=LONGVARCHAR},
      report_config = #{record.reportConfig,jdbcType=LONGVARCHAR}
    <if test="example != null">
      <include refid="Update_By_Example_Where_Clause" />
    </if>
  </update>
  <update id="updateByExample" parameterType="map">
    <!--
      WARNING - @mbg.generated
      This element is automatically generated by MyBatis Generator, do not modify.
      This element was generated on Tue Feb 07 18:08:26 CST 2023.
    -->
    update fenghuang_meta_info_report
    set id = #{record.id,jdbcType=BIGINT},
      report_id = #{record.reportId,jdbcType=VARCHAR},
      report_id_num = #{record.reportIdNum,jdbcType=BIGINT},
      topic_id = #{record.topicId,jdbcType=VARCHAR},
      topic_id_num = #{record.topicIdNum,jdbcType=BIGINT},
      query_id = #{record.queryId,jdbcType=VARCHAR},
      created_time = #{record.createdTime,jdbcType=TIMESTAMP},
      created_mis = #{record.createdMis,jdbcType=VARCHAR},
      update_time = #{record.updateTime,jdbcType=TIMESTAMP},
      update_mis = #{record.updateMis,jdbcType=VARCHAR},
      version = #{record.version,jdbcType=SMALLINT},
      is_online = #{record.isOnline,jdbcType=SMALLINT},
      is_delete = #{record.isDelete,jdbcType=SMALLINT},
      report_name = #{record.reportName,jdbcType=VARCHAR},
      desc = #{record.desc,jdbcType=VARCHAR},
      sql_receiver = #{record.sqlReceiver,jdbcType=VARCHAR}
    <if test="example != null">
      <include refid="Update_By_Example_Where_Clause" />
    </if>
  </update>
</mapper>