<?xml version="1.0" encoding="UTF-8"?>
<!DOCTYPE mapper PUBLIC "-//mybatis.org//DTD Mapper 3.0//EN" "http://mybatis.org/dtd/mybatis-3-mapper.dtd">
<mapper namespace="com.sankuai.tripdatecenter.databp.fenghuang.dao.mapper.auto.OriginAppPOMapper">
  <resultMap id="BaseResultMap" type="com.sankuai.tripdatecenter.databp.fenghuang.dao.po.OriginAppPO">
    <!--
      WARNING - @mbg.generated
      This element is automatically generated by MyBatis Generator, do not modify.
      This element was generated on Thu Jun 30 15:27:27 CST 2022.
    -->
    <result column="id" jdbcType="BIGINT" property="id" />
    <result column="version" jdbcType="BIGINT" property="version" />
    <result column="app_id" jdbcType="INTEGER" property="appId" />
    <result column="app_name" jdbcType="VARCHAR" property="appName" />
    <result column="app_comment" jdbcType="VARCHAR" property="appComment" />
    <result column="dsn" jdbcType="VARCHAR" property="dsn" />
    <result column="is_delete" jdbcType="BIGINT" property="isDelete" />
    <result column="created_mis" jdbcType="VARCHAR" property="createdMis" />
    <result column="last_update_mis" jdbcType="VARCHAR" property="lastUpdateMis" />
    <result column="created_time" jdbcType="TIMESTAMP" property="createdTime" />
    <result column="update_time" jdbcType="TIMESTAMP" property="updateTime" />
  </resultMap>
  <sql id="Example_Where_Clause">
    <!--
      WARNING - @mbg.generated
      This element is automatically generated by MyBatis Generator, do not modify.
      This element was generated on Thu Jun 30 15:27:27 CST 2022.
    -->
    <where>
      <foreach collection="oredCriteria" item="criteria" separator="or">
        <if test="criteria.valid">
          <trim prefix="(" prefixOverrides="and" suffix=")">
            <foreach collection="criteria.criteria" item="criterion">
              <choose>
                <when test="criterion.noValue">
                  and ${criterion.condition}
                </when>
                <when test="criterion.singleValue">
                  and ${criterion.condition} #{criterion.value}
                </when>
                <when test="criterion.betweenValue">
                  and ${criterion.condition} #{criterion.value} and #{criterion.secondValue}
                </when>
                <when test="criterion.listValue">
                  and ${criterion.condition}
                  <foreach close=")" collection="criterion.value" item="listItem" open="(" separator=",">
                    #{listItem}
                  </foreach>
                </when>
              </choose>
            </foreach>
          </trim>
        </if>
      </foreach>
    </where>
  </sql>
  <sql id="Update_By_Example_Where_Clause">
    <!--
      WARNING - @mbg.generated
      This element is automatically generated by MyBatis Generator, do not modify.
      This element was generated on Thu Jun 30 15:27:27 CST 2022.
    -->
    <where>
      <foreach collection="example.oredCriteria" item="criteria" separator="or">
        <if test="criteria.valid">
          <trim prefix="(" prefixOverrides="and" suffix=")">
            <foreach collection="criteria.criteria" item="criterion">
              <choose>
                <when test="criterion.noValue">
                  and ${criterion.condition}
                </when>
                <when test="criterion.singleValue">
                  and ${criterion.condition} #{criterion.value}
                </when>
                <when test="criterion.betweenValue">
                  and ${criterion.condition} #{criterion.value} and #{criterion.secondValue}
                </when>
                <when test="criterion.listValue">
                  and ${criterion.condition}
                  <foreach close=")" collection="criterion.value" item="listItem" open="(" separator=",">
                    #{listItem}
                  </foreach>
                </when>
              </choose>
            </foreach>
          </trim>
        </if>
      </foreach>
    </where>
  </sql>
  <sql id="Base_Column_List">
    <!--
      WARNING - @mbg.generated
      This element is automatically generated by MyBatis Generator, do not modify.
      This element was generated on Thu Jun 30 15:27:27 CST 2022.
    -->
    id, version, app_id, app_name, app_comment, dsn, is_delete, created_mis, last_update_mis, 
    created_time, update_time
  </sql>
  <select id="selectByExample" parameterType="com.sankuai.tripdatecenter.databp.fenghuang.dao.po.example.OriginAppPOExample" resultMap="BaseResultMap">
    <!--
      WARNING - @mbg.generated
      This element is automatically generated by MyBatis Generator, do not modify.
      This element was generated on Thu Jun 30 15:27:27 CST 2022.
    -->
    select
    <if test="distinct">
      distinct
    </if>
    <include refid="Base_Column_List" />
    from fenghuang_info_origin_app
    <if test="_parameter != null">
      <include refid="Example_Where_Clause" />
    </if>
    <if test="orderByClause != null">
      order by ${orderByClause}
    </if>
  </select>
  <delete id="deleteByExample" parameterType="com.sankuai.tripdatecenter.databp.fenghuang.dao.po.example.OriginAppPOExample">
    <!--
      WARNING - @mbg.generated
      This element is automatically generated by MyBatis Generator, do not modify.
      This element was generated on Thu Jun 30 15:27:27 CST 2022.
    -->
    delete from fenghuang_info_origin_app
    <if test="_parameter != null">
      <include refid="Example_Where_Clause" />
    </if>
  </delete>
  <insert id="insert" parameterType="com.sankuai.tripdatecenter.databp.fenghuang.dao.po.OriginAppPO">
    <!--
      WARNING - @mbg.generated
      This element is automatically generated by MyBatis Generator, do not modify.
      This element was generated on Thu Jun 30 15:27:27 CST 2022.
    -->
    <selectKey keyProperty="id" order="AFTER" resultType="java.lang.Long">
      SELECT LAST_INSERT_ID()
    </selectKey>
    insert into fenghuang_info_origin_app (version, app_id, app_name, 
      app_comment, dsn, is_delete, 
      created_mis, last_update_mis, created_time, 
      update_time)
    values (#{version,jdbcType=BIGINT}, #{appId,jdbcType=INTEGER}, #{appName,jdbcType=VARCHAR}, 
      #{appComment,jdbcType=VARCHAR}, #{dsn,jdbcType=VARCHAR}, #{isDelete,jdbcType=BIGINT}, 
      #{createdMis,jdbcType=VARCHAR}, #{lastUpdateMis,jdbcType=VARCHAR}, #{createdTime,jdbcType=TIMESTAMP}, 
      #{updateTime,jdbcType=TIMESTAMP})
  </insert>
  <insert id="insertSelective" parameterType="com.sankuai.tripdatecenter.databp.fenghuang.dao.po.OriginAppPO">
    <!--
      WARNING - @mbg.generated
      This element is automatically generated by MyBatis Generator, do not modify.
      This element was generated on Thu Jun 30 15:27:27 CST 2022.
    -->
    <selectKey keyProperty="id" order="AFTER" resultType="java.lang.Long">
      SELECT LAST_INSERT_ID()
    </selectKey>
    insert into fenghuang_info_origin_app
    <trim prefix="(" suffix=")" suffixOverrides=",">
      <if test="version != null">
        version,
      </if>
      <if test="appId != null">
        app_id,
      </if>
      <if test="appName != null">
        app_name,
      </if>
      <if test="appComment != null">
        app_comment,
      </if>
      <if test="dsn != null">
        dsn,
      </if>
      <if test="isDelete != null">
        is_delete,
      </if>
      <if test="createdMis != null">
        created_mis,
      </if>
      <if test="lastUpdateMis != null">
        last_update_mis,
      </if>
      <if test="createdTime != null">
        created_time,
      </if>
      <if test="updateTime != null">
        update_time,
      </if>
    </trim>
    <trim prefix="values (" suffix=")" suffixOverrides=",">
      <if test="version != null">
        #{version,jdbcType=BIGINT},
      </if>
      <if test="appId != null">
        #{appId,jdbcType=INTEGER},
      </if>
      <if test="appName != null">
        #{appName,jdbcType=VARCHAR},
      </if>
      <if test="appComment != null">
        #{appComment,jdbcType=VARCHAR},
      </if>
      <if test="dsn != null">
        #{dsn,jdbcType=VARCHAR},
      </if>
      <if test="isDelete != null">
        #{isDelete,jdbcType=BIGINT},
      </if>
      <if test="createdMis != null">
        #{createdMis,jdbcType=VARCHAR},
      </if>
      <if test="lastUpdateMis != null">
        #{lastUpdateMis,jdbcType=VARCHAR},
      </if>
      <if test="createdTime != null">
        #{createdTime,jdbcType=TIMESTAMP},
      </if>
      <if test="updateTime != null">
        #{updateTime,jdbcType=TIMESTAMP},
      </if>
    </trim>
  </insert>
  <select id="countByExample" parameterType="com.sankuai.tripdatecenter.databp.fenghuang.dao.po.example.OriginAppPOExample" resultType="java.lang.Long">
    <!--
      WARNING - @mbg.generated
      This element is automatically generated by MyBatis Generator, do not modify.
      This element was generated on Thu Jun 30 15:27:27 CST 2022.
    -->
    select count(*) from fenghuang_info_origin_app
    <if test="_parameter != null">
      <include refid="Example_Where_Clause" />
    </if>
  </select>
  <update id="updateByExampleSelective" parameterType="map">
    <!--
      WARNING - @mbg.generated
      This element is automatically generated by MyBatis Generator, do not modify.
      This element was generated on Thu Jun 30 15:27:27 CST 2022.
    -->
    update fenghuang_info_origin_app
    <set>
      <if test="record.id != null">
        id = #{record.id,jdbcType=BIGINT},
      </if>
      <if test="record.version != null">
        version = #{record.version,jdbcType=BIGINT},
      </if>
      <if test="record.appId != null">
        app_id = #{record.appId,jdbcType=INTEGER},
      </if>
      <if test="record.appName != null">
        app_name = #{record.appName,jdbcType=VARCHAR},
      </if>
      <if test="record.appComment != null">
        app_comment = #{record.appComment,jdbcType=VARCHAR},
      </if>
      <if test="record.dsn != null">
        dsn = #{record.dsn,jdbcType=VARCHAR},
      </if>
      <if test="record.isDelete != null">
        is_delete = #{record.isDelete,jdbcType=BIGINT},
      </if>
      <if test="record.createdMis != null">
        created_mis = #{record.createdMis,jdbcType=VARCHAR},
      </if>
      <if test="record.lastUpdateMis != null">
        last_update_mis = #{record.lastUpdateMis,jdbcType=VARCHAR},
      </if>
      <if test="record.createdTime != null">
        created_time = #{record.createdTime,jdbcType=TIMESTAMP},
      </if>
      <if test="record.updateTime != null">
        update_time = #{record.updateTime,jdbcType=TIMESTAMP},
      </if>
    </set>
    <if test="example != null">
      <include refid="Update_By_Example_Where_Clause" />
    </if>
  </update>
  <update id="updateByExample" parameterType="map">
    <!--
      WARNING - @mbg.generated
      This element is automatically generated by MyBatis Generator, do not modify.
      This element was generated on Thu Jun 30 15:27:27 CST 2022.
    -->
    update fenghuang_info_origin_app
    set id = #{record.id,jdbcType=BIGINT},
      version = #{record.version,jdbcType=BIGINT},
      app_id = #{record.appId,jdbcType=INTEGER},
      app_name = #{record.appName,jdbcType=VARCHAR},
      app_comment = #{record.appComment,jdbcType=VARCHAR},
      dsn = #{record.dsn,jdbcType=VARCHAR},
      is_delete = #{record.isDelete,jdbcType=BIGINT},
      created_mis = #{record.createdMis,jdbcType=VARCHAR},
      last_update_mis = #{record.lastUpdateMis,jdbcType=VARCHAR},
      created_time = #{record.createdTime,jdbcType=TIMESTAMP},
      update_time = #{record.updateTime,jdbcType=TIMESTAMP}
    <if test="example != null">
      <include refid="Update_By_Example_Where_Clause" />
    </if>
  </update>
</mapper>