<?xml version="1.0" encoding="UTF-8"?>
<!DOCTYPE mapper PUBLIC "-//mybatis.org//DTD Mapper 3.0//EN" "http://mybatis.org/dtd/mybatis-3-mapper.dtd">
<mapper namespace="com.sankuai.tripdatecenter.databp.fenghuang.dao.mapper.auto.ReportPOMapper">
  <resultMap id="BaseResultMap" type="com.sankuai.tripdatecenter.databp.fenghuang.dao.po.ReportPO">
    <!--
      WARNING - @mbg.generated
      This element is automatically generated by MyBatis Generator, do not modify.
      This element was generated on Wed May 17 15:24:09 CST 2023.
    -->
    <result column="id" jdbcType="BIGINT" property="id" />
    <result column="report_id" jdbcType="BIGINT" property="reportId" />
    <result column="version" jdbcType="BIGINT" property="version" />
    <result column="report_type" jdbcType="SMALLINT" property="reportType" />
    <result column="report_name" jdbcType="VARCHAR" property="reportName" />
    <result column="report_desc" jdbcType="VARCHAR" property="reportDesc" />
    <result column="is_online" jdbcType="SMALLINT" property="isOnline" />
    <result column="is_delete" jdbcType="SMALLINT" property="isDelete" />
    <result column="created_mis" jdbcType="VARCHAR" property="createdMis" />
    <result column="last_update_mis" jdbcType="VARCHAR" property="lastUpdateMis" />
    <result column="created_time" jdbcType="TIMESTAMP" property="createdTime" />
    <result column="update_time" jdbcType="TIMESTAMP" property="updateTime" />
    <result column="business_id" jdbcType="VARCHAR" property="businessId" />
    <result column="assist_admin" jdbcType="VARCHAR" property="assistAdmin" />
    <result column="is_auth" jdbcType="SMALLINT" property="isAuth" />
  </resultMap>
  <resultMap extends="BaseResultMap" id="ResultMapWithBLOBs" type="com.sankuai.tripdatecenter.databp.fenghuang.dao.po.ReportPO">
    <!--
      WARNING - @mbg.generated
      This element is automatically generated by MyBatis Generator, do not modify.
      This element was generated on Wed May 17 15:24:09 CST 2023.
    -->
    <result column="ext_info" jdbcType="LONGVARCHAR" property="extInfo" />
  </resultMap>
  <sql id="Example_Where_Clause">
    <!--
      WARNING - @mbg.generated
      This element is automatically generated by MyBatis Generator, do not modify.
      This element was generated on Wed May 17 15:24:09 CST 2023.
    -->
    <where>
      <foreach collection="oredCriteria" item="criteria" separator="or">
        <if test="criteria.valid">
          <trim prefix="(" prefixOverrides="and" suffix=")">
            <foreach collection="criteria.criteria" item="criterion">
              <choose>
                <when test="criterion.noValue">
                  and ${criterion.condition}
                </when>
                <when test="criterion.singleValue">
                  and ${criterion.condition} #{criterion.value}
                </when>
                <when test="criterion.betweenValue">
                  and ${criterion.condition} #{criterion.value} and #{criterion.secondValue}
                </when>
                <when test="criterion.listValue">
                  and ${criterion.condition}
                  <foreach close=")" collection="criterion.value" item="listItem" open="(" separator=",">
                    #{listItem}
                  </foreach>
                </when>
              </choose>
            </foreach>
          </trim>
        </if>
      </foreach>
    </where>
  </sql>
  <sql id="Update_By_Example_Where_Clause">
    <!--
      WARNING - @mbg.generated
      This element is automatically generated by MyBatis Generator, do not modify.
      This element was generated on Wed May 17 15:24:09 CST 2023.
    -->
    <where>
      <foreach collection="example.oredCriteria" item="criteria" separator="or">
        <if test="criteria.valid">
          <trim prefix="(" prefixOverrides="and" suffix=")">
            <foreach collection="criteria.criteria" item="criterion">
              <choose>
                <when test="criterion.noValue">
                  and ${criterion.condition}
                </when>
                <when test="criterion.singleValue">
                  and ${criterion.condition} #{criterion.value}
                </when>
                <when test="criterion.betweenValue">
                  and ${criterion.condition} #{criterion.value} and #{criterion.secondValue}
                </when>
                <when test="criterion.listValue">
                  and ${criterion.condition}
                  <foreach close=")" collection="criterion.value" item="listItem" open="(" separator=",">
                    #{listItem}
                  </foreach>
                </when>
              </choose>
            </foreach>
          </trim>
        </if>
      </foreach>
    </where>
  </sql>
  <sql id="Base_Column_List">
    <!--
      WARNING - @mbg.generated
      This element is automatically generated by MyBatis Generator, do not modify.
      This element was generated on Wed May 17 15:24:09 CST 2023.
    -->
    id, report_id, version, report_type, report_name, report_desc, is_online, is_delete, 
    created_mis, last_update_mis, created_time, update_time, business_id, assist_admin, 
    is_auth
  </sql>
  <sql id="Blob_Column_List">
    <!--
      WARNING - @mbg.generated
      This element is automatically generated by MyBatis Generator, do not modify.
      This element was generated on Wed May 17 15:24:09 CST 2023.
    -->
    ext_info
  </sql>
  <select id="selectByExampleWithBLOBs" parameterType="com.sankuai.tripdatecenter.databp.fenghuang.dao.po.example.ReportPOExample" resultMap="ResultMapWithBLOBs">
    <!--
      WARNING - @mbg.generated
      This element is automatically generated by MyBatis Generator, do not modify.
      This element was generated on Wed May 17 15:24:09 CST 2023.
    -->
    select
    <if test="distinct">
      distinct
    </if>
    <include refid="Base_Column_List" />
    ,
    <include refid="Blob_Column_List" />
    from fenghuang_info_report
    <if test="_parameter != null">
      <include refid="Example_Where_Clause" />
    </if>
    <if test="orderByClause != null">
      order by ${orderByClause}
    </if>
  </select>
  <select id="selectByExample" parameterType="com.sankuai.tripdatecenter.databp.fenghuang.dao.po.example.ReportPOExample" resultMap="BaseResultMap">
    <!--
      WARNING - @mbg.generated
      This element is automatically generated by MyBatis Generator, do not modify.
      This element was generated on Wed May 17 15:24:09 CST 2023.
    -->
    select
    <if test="distinct">
      distinct
    </if>
    <include refid="Base_Column_List" />
    from fenghuang_info_report
    <if test="_parameter != null">
      <include refid="Example_Where_Clause" />
    </if>
    <if test="orderByClause != null">
      order by ${orderByClause}
    </if>
  </select>
  <delete id="deleteByExample" parameterType="com.sankuai.tripdatecenter.databp.fenghuang.dao.po.example.ReportPOExample">
    <!--
      WARNING - @mbg.generated
      This element is automatically generated by MyBatis Generator, do not modify.
      This element was generated on Wed May 17 15:24:09 CST 2023.
    -->
    delete from fenghuang_info_report
    <if test="_parameter != null">
      <include refid="Example_Where_Clause" />
    </if>
  </delete>
  <insert id="insert" parameterType="com.sankuai.tripdatecenter.databp.fenghuang.dao.po.ReportPO">
    <!--
      WARNING - @mbg.generated
      This element is automatically generated by MyBatis Generator, do not modify.
      This element was generated on Wed May 17 15:24:09 CST 2023.
    -->
    <selectKey keyProperty="id" order="AFTER" resultType="java.lang.Long">
      SELECT LAST_INSERT_ID()
    </selectKey>
    insert into fenghuang_info_report (report_id, version, report_type, 
      report_name, report_desc, is_online, 
      is_delete, created_mis, last_update_mis, 
      created_time, update_time, business_id, 
      assist_admin, is_auth, ext_info
      )
    values (#{reportId,jdbcType=BIGINT}, #{version,jdbcType=BIGINT}, #{reportType,jdbcType=SMALLINT}, 
      #{reportName,jdbcType=VARCHAR}, #{reportDesc,jdbcType=VARCHAR}, #{isOnline,jdbcType=SMALLINT}, 
      #{isDelete,jdbcType=SMALLINT}, #{createdMis,jdbcType=VARCHAR}, #{lastUpdateMis,jdbcType=VARCHAR}, 
      #{createdTime,jdbcType=TIMESTAMP}, #{updateTime,jdbcType=TIMESTAMP}, #{businessId,jdbcType=VARCHAR}, 
      #{assistAdmin,jdbcType=VARCHAR}, #{isAuth,jdbcType=SMALLINT}, #{extInfo,jdbcType=LONGVARCHAR}
      )
  </insert>
  <insert id="insertSelective" parameterType="com.sankuai.tripdatecenter.databp.fenghuang.dao.po.ReportPO">
    <!--
      WARNING - @mbg.generated
      This element is automatically generated by MyBatis Generator, do not modify.
      This element was generated on Wed May 17 15:24:09 CST 2023.
    -->
    <selectKey keyProperty="id" order="AFTER" resultType="java.lang.Long">
      SELECT LAST_INSERT_ID()
    </selectKey>
    insert into fenghuang_info_report
    <trim prefix="(" suffix=")" suffixOverrides=",">
      <if test="reportId != null">
        report_id,
      </if>
      <if test="version != null">
        version,
      </if>
      <if test="reportType != null">
        report_type,
      </if>
      <if test="reportName != null">
        report_name,
      </if>
      <if test="reportDesc != null">
        report_desc,
      </if>
      <if test="isOnline != null">
        is_online,
      </if>
      <if test="isDelete != null">
        is_delete,
      </if>
      <if test="createdMis != null">
        created_mis,
      </if>
      <if test="lastUpdateMis != null">
        last_update_mis,
      </if>
      <if test="createdTime != null">
        created_time,
      </if>
      <if test="updateTime != null">
        update_time,
      </if>
      <if test="businessId != null">
        business_id,
      </if>
      <if test="assistAdmin != null">
        assist_admin,
      </if>
      <if test="isAuth != null">
        is_auth,
      </if>
      <if test="extInfo != null">
        ext_info,
      </if>
    </trim>
    <trim prefix="values (" suffix=")" suffixOverrides=",">
      <if test="reportId != null">
        #{reportId,jdbcType=BIGINT},
      </if>
      <if test="version != null">
        #{version,jdbcType=BIGINT},
      </if>
      <if test="reportType != null">
        #{reportType,jdbcType=SMALLINT},
      </if>
      <if test="reportName != null">
        #{reportName,jdbcType=VARCHAR},
      </if>
      <if test="reportDesc != null">
        #{reportDesc,jdbcType=VARCHAR},
      </if>
      <if test="isOnline != null">
        #{isOnline,jdbcType=SMALLINT},
      </if>
      <if test="isDelete != null">
        #{isDelete,jdbcType=SMALLINT},
      </if>
      <if test="createdMis != null">
        #{createdMis,jdbcType=VARCHAR},
      </if>
      <if test="lastUpdateMis != null">
        #{lastUpdateMis,jdbcType=VARCHAR},
      </if>
      <if test="createdTime != null">
        #{createdTime,jdbcType=TIMESTAMP},
      </if>
      <if test="updateTime != null">
        #{updateTime,jdbcType=TIMESTAMP},
      </if>
      <if test="businessId != null">
        #{businessId,jdbcType=VARCHAR},
      </if>
      <if test="assistAdmin != null">
        #{assistAdmin,jdbcType=VARCHAR},
      </if>
      <if test="isAuth != null">
        #{isAuth,jdbcType=SMALLINT},
      </if>
      <if test="extInfo != null">
        #{extInfo,jdbcType=LONGVARCHAR},
      </if>
    </trim>
  </insert>
  <select id="countByExample" parameterType="com.sankuai.tripdatecenter.databp.fenghuang.dao.po.example.ReportPOExample" resultType="java.lang.Long">
    <!--
      WARNING - @mbg.generated
      This element is automatically generated by MyBatis Generator, do not modify.
      This element was generated on Wed May 17 15:24:09 CST 2023.
    -->
    select count(*) from fenghuang_info_report
    <if test="_parameter != null">
      <include refid="Example_Where_Clause" />
    </if>
  </select>
  <update id="updateByExampleSelective" parameterType="map">
    <!--
      WARNING - @mbg.generated
      This element is automatically generated by MyBatis Generator, do not modify.
      This element was generated on Wed May 17 15:24:09 CST 2023.
    -->
    update fenghuang_info_report
    <set>
      <if test="record.id != null">
        id = #{record.id,jdbcType=BIGINT},
      </if>
      <if test="record.reportId != null">
        report_id = #{record.reportId,jdbcType=BIGINT},
      </if>
      <if test="record.version != null">
        version = #{record.version,jdbcType=BIGINT},
      </if>
      <if test="record.reportType != null">
        report_type = #{record.reportType,jdbcType=SMALLINT},
      </if>
      <if test="record.reportName != null">
        report_name = #{record.reportName,jdbcType=VARCHAR},
      </if>
      <if test="record.reportDesc != null">
        report_desc = #{record.reportDesc,jdbcType=VARCHAR},
      </if>
      <if test="record.isOnline != null">
        is_online = #{record.isOnline,jdbcType=SMALLINT},
      </if>
      <if test="record.isDelete != null">
        is_delete = #{record.isDelete,jdbcType=SMALLINT},
      </if>
      <if test="record.createdMis != null">
        created_mis = #{record.createdMis,jdbcType=VARCHAR},
      </if>
      <if test="record.lastUpdateMis != null">
        last_update_mis = #{record.lastUpdateMis,jdbcType=VARCHAR},
      </if>
      <if test="record.createdTime != null">
        created_time = #{record.createdTime,jdbcType=TIMESTAMP},
      </if>
      <if test="record.updateTime != null">
        update_time = #{record.updateTime,jdbcType=TIMESTAMP},
      </if>
      <if test="record.businessId != null">
        business_id = #{record.businessId,jdbcType=VARCHAR},
      </if>
      <if test="record.assistAdmin != null">
        assist_admin = #{record.assistAdmin,jdbcType=VARCHAR},
      </if>
      <if test="record.isAuth != null">
        is_auth = #{record.isAuth,jdbcType=SMALLINT},
      </if>
      <if test="record.extInfo != null">
        ext_info = #{record.extInfo,jdbcType=LONGVARCHAR},
      </if>
    </set>
    <if test="example != null">
      <include refid="Update_By_Example_Where_Clause" />
    </if>
  </update>
  <update id="updateByExampleWithBLOBs" parameterType="map">
    <!--
      WARNING - @mbg.generated
      This element is automatically generated by MyBatis Generator, do not modify.
      This element was generated on Wed May 17 15:24:09 CST 2023.
    -->
    update fenghuang_info_report
    set id = #{record.id,jdbcType=BIGINT},
      report_id = #{record.reportId,jdbcType=BIGINT},
      version = #{record.version,jdbcType=BIGINT},
      report_type = #{record.reportType,jdbcType=SMALLINT},
      report_name = #{record.reportName,jdbcType=VARCHAR},
      report_desc = #{record.reportDesc,jdbcType=VARCHAR},
      is_online = #{record.isOnline,jdbcType=SMALLINT},
      is_delete = #{record.isDelete,jdbcType=SMALLINT},
      created_mis = #{record.createdMis,jdbcType=VARCHAR},
      last_update_mis = #{record.lastUpdateMis,jdbcType=VARCHAR},
      created_time = #{record.createdTime,jdbcType=TIMESTAMP},
      update_time = #{record.updateTime,jdbcType=TIMESTAMP},
      business_id = #{record.businessId,jdbcType=VARCHAR},
      assist_admin = #{record.assistAdmin,jdbcType=VARCHAR},
      is_auth = #{record.isAuth,jdbcType=SMALLINT},
      ext_info = #{record.extInfo,jdbcType=LONGVARCHAR}
    <if test="example != null">
      <include refid="Update_By_Example_Where_Clause" />
    </if>
  </update>
  <update id="updateByExample" parameterType="map">
    <!--
      WARNING - @mbg.generated
      This element is automatically generated by MyBatis Generator, do not modify.
      This element was generated on Wed May 17 15:24:09 CST 2023.
    -->
    update fenghuang_info_report
    set id = #{record.id,jdbcType=BIGINT},
      report_id = #{record.reportId,jdbcType=BIGINT},
      version = #{record.version,jdbcType=BIGINT},
      report_type = #{record.reportType,jdbcType=SMALLINT},
      report_name = #{record.reportName,jdbcType=VARCHAR},
      report_desc = #{record.reportDesc,jdbcType=VARCHAR},
      is_online = #{record.isOnline,jdbcType=SMALLINT},
      is_delete = #{record.isDelete,jdbcType=SMALLINT},
      created_mis = #{record.createdMis,jdbcType=VARCHAR},
      last_update_mis = #{record.lastUpdateMis,jdbcType=VARCHAR},
      created_time = #{record.createdTime,jdbcType=TIMESTAMP},
      update_time = #{record.updateTime,jdbcType=TIMESTAMP},
      business_id = #{record.businessId,jdbcType=VARCHAR},
      assist_admin = #{record.assistAdmin,jdbcType=VARCHAR},
      is_auth = #{record.isAuth,jdbcType=SMALLINT}
    <if test="example != null">
      <include refid="Update_By_Example_Where_Clause" />
    </if>
  </update>
</mapper>