<?xml version="1.0" encoding="UTF-8"?>
<!DOCTYPE mapper PUBLIC "-//mybatis.org//DTD Mapper 3.0//EN" "http://mybatis.org/dtd/mybatis-3-mapper.dtd">
<mapper namespace="com.sankuai.tripdatecenter.databp.fenghuang.dao.mapper.auto.TaskPOMapper">
  <resultMap id="BaseResultMap" type="com.sankuai.tripdatecenter.databp.fenghuang.dao.po.TaskPO">
    <!--
      WARNING - @mbg.generated
      This element is automatically generated by MyBatis Generator, do not modify.
      This element was generated on Tue Jul 26 15:18:35 CST 2022.
    -->
    <result column="id" jdbcType="BIGINT" property="id" />
    <result column="task_type" jdbcType="SMALLINT" property="taskType" />
    <result column="task_name" jdbcType="VARCHAR" property="taskName" />
    <result column="task_topic" jdbcType="VARCHAR" property="taskTopic" />
    <result column="plan_exec_time" jdbcType="VARCHAR" property="planExecTime" />
    <result column="create_time" jdbcType="TIMESTAMP" property="createTime" />
    <result column="create_mis" jdbcType="VARCHAR" property="createMis" />
    <result column="status" jdbcType="SMALLINT" property="status" />
    <result column="is_delete" jdbcType="SMALLINT" property="isDelete" />
  </resultMap>
  <resultMap extends="BaseResultMap" id="ResultMapWithBLOBs" type="com.sankuai.tripdatecenter.databp.fenghuang.dao.po.TaskPO">
    <!--
      WARNING - @mbg.generated
      This element is automatically generated by MyBatis Generator, do not modify.
      This element was generated on Tue Jul 26 15:18:35 CST 2022.
    -->
    <result column="task_config" jdbcType="LONGVARCHAR" property="taskConfig" />
  </resultMap>
  <sql id="Example_Where_Clause">
    <!--
      WARNING - @mbg.generated
      This element is automatically generated by MyBatis Generator, do not modify.
      This element was generated on Tue Jul 26 15:18:35 CST 2022.
    -->
    <where>
      <foreach collection="oredCriteria" item="criteria" separator="or">
        <if test="criteria.valid">
          <trim prefix="(" prefixOverrides="and" suffix=")">
            <foreach collection="criteria.criteria" item="criterion">
              <choose>
                <when test="criterion.noValue">
                  and ${criterion.condition}
                </when>
                <when test="criterion.singleValue">
                  and ${criterion.condition} #{criterion.value}
                </when>
                <when test="criterion.betweenValue">
                  and ${criterion.condition} #{criterion.value} and #{criterion.secondValue}
                </when>
                <when test="criterion.listValue">
                  and ${criterion.condition}
                  <foreach close=")" collection="criterion.value" item="listItem" open="(" separator=",">
                    #{listItem}
                  </foreach>
                </when>
              </choose>
            </foreach>
          </trim>
        </if>
      </foreach>
    </where>
  </sql>
  <sql id="Update_By_Example_Where_Clause">
    <!--
      WARNING - @mbg.generated
      This element is automatically generated by MyBatis Generator, do not modify.
      This element was generated on Tue Jul 26 15:18:35 CST 2022.
    -->
    <where>
      <foreach collection="example.oredCriteria" item="criteria" separator="or">
        <if test="criteria.valid">
          <trim prefix="(" prefixOverrides="and" suffix=")">
            <foreach collection="criteria.criteria" item="criterion">
              <choose>
                <when test="criterion.noValue">
                  and ${criterion.condition}
                </when>
                <when test="criterion.singleValue">
                  and ${criterion.condition} #{criterion.value}
                </when>
                <when test="criterion.betweenValue">
                  and ${criterion.condition} #{criterion.value} and #{criterion.secondValue}
                </when>
                <when test="criterion.listValue">
                  and ${criterion.condition}
                  <foreach close=")" collection="criterion.value" item="listItem" open="(" separator=",">
                    #{listItem}
                  </foreach>
                </when>
              </choose>
            </foreach>
          </trim>
        </if>
      </foreach>
    </where>
  </sql>
  <sql id="Base_Column_List">
    <!--
      WARNING - @mbg.generated
      This element is automatically generated by MyBatis Generator, do not modify.
      This element was generated on Tue Jul 26 15:18:35 CST 2022.
    -->
    id, task_type, task_name, task_topic, plan_exec_time, create_time, create_mis, status, 
    is_delete
  </sql>
  <sql id="Blob_Column_List">
    <!--
      WARNING - @mbg.generated
      This element is automatically generated by MyBatis Generator, do not modify.
      This element was generated on Tue Jul 26 15:18:35 CST 2022.
    -->
    task_config
  </sql>
  <select id="selectByExampleWithBLOBs" parameterType="com.sankuai.tripdatecenter.databp.fenghuang.dao.po.example.TaskPOExample" resultMap="ResultMapWithBLOBs">
    <!--
      WARNING - @mbg.generated
      This element is automatically generated by MyBatis Generator, do not modify.
      This element was generated on Tue Jul 26 15:18:35 CST 2022.
    -->
    select
    <if test="distinct">
      distinct
    </if>
    <include refid="Base_Column_List" />
    ,
    <include refid="Blob_Column_List" />
    from fenghuang_task
    <if test="_parameter != null">
      <include refid="Example_Where_Clause" />
    </if>
    <if test="orderByClause != null">
      order by ${orderByClause}
    </if>
  </select>
  <select id="selectByExample" parameterType="com.sankuai.tripdatecenter.databp.fenghuang.dao.po.example.TaskPOExample" resultMap="BaseResultMap">
    <!--
      WARNING - @mbg.generated
      This element is automatically generated by MyBatis Generator, do not modify.
      This element was generated on Tue Jul 26 15:18:35 CST 2022.
    -->
    select
    <if test="distinct">
      distinct
    </if>
    <include refid="Base_Column_List" />
    from fenghuang_task
    <if test="_parameter != null">
      <include refid="Example_Where_Clause" />
    </if>
    <if test="orderByClause != null">
      order by ${orderByClause}
    </if>
  </select>
  <delete id="deleteByExample" parameterType="com.sankuai.tripdatecenter.databp.fenghuang.dao.po.example.TaskPOExample">
    <!--
      WARNING - @mbg.generated
      This element is automatically generated by MyBatis Generator, do not modify.
      This element was generated on Tue Jul 26 15:18:35 CST 2022.
    -->
    delete from fenghuang_task
    <if test="_parameter != null">
      <include refid="Example_Where_Clause" />
    </if>
  </delete>
  <insert id="insert" parameterType="com.sankuai.tripdatecenter.databp.fenghuang.dao.po.TaskPO">
    <!--
      WARNING - @mbg.generated
      This element is automatically generated by MyBatis Generator, do not modify.
      This element was generated on Tue Jul 26 15:18:35 CST 2022.
    -->
    <selectKey keyProperty="id" order="AFTER" resultType="java.lang.Long">
      SELECT LAST_INSERT_ID()
    </selectKey>
    insert into fenghuang_task (task_type, task_name, task_topic, 
      plan_exec_time, create_time, create_mis, 
      status, is_delete, task_config
      )
    values (#{taskType,jdbcType=SMALLINT}, #{taskName,jdbcType=VARCHAR}, #{taskTopic,jdbcType=VARCHAR}, 
      #{planExecTime,jdbcType=VARCHAR}, #{createTime,jdbcType=TIMESTAMP}, #{createMis,jdbcType=VARCHAR}, 
      #{status,jdbcType=SMALLINT}, #{isDelete,jdbcType=SMALLINT}, #{taskConfig,jdbcType=LONGVARCHAR}
      )
  </insert>
  <insert id="insertSelective" parameterType="com.sankuai.tripdatecenter.databp.fenghuang.dao.po.TaskPO">
    <!--
      WARNING - @mbg.generated
      This element is automatically generated by MyBatis Generator, do not modify.
      This element was generated on Tue Jul 26 15:18:35 CST 2022.
    -->
    <selectKey keyProperty="id" order="AFTER" resultType="java.lang.Long">
      SELECT LAST_INSERT_ID()
    </selectKey>
    insert into fenghuang_task
    <trim prefix="(" suffix=")" suffixOverrides=",">
      <if test="taskType != null">
        task_type,
      </if>
      <if test="taskName != null">
        task_name,
      </if>
      <if test="taskTopic != null">
        task_topic,
      </if>
      <if test="planExecTime != null">
        plan_exec_time,
      </if>
      <if test="createTime != null">
        create_time,
      </if>
      <if test="createMis != null">
        create_mis,
      </if>
      <if test="status != null">
        status,
      </if>
      <if test="isDelete != null">
        is_delete,
      </if>
      <if test="taskConfig != null">
        task_config,
      </if>
    </trim>
    <trim prefix="values (" suffix=")" suffixOverrides=",">
      <if test="taskType != null">
        #{taskType,jdbcType=SMALLINT},
      </if>
      <if test="taskName != null">
        #{taskName,jdbcType=VARCHAR},
      </if>
      <if test="taskTopic != null">
        #{taskTopic,jdbcType=VARCHAR},
      </if>
      <if test="planExecTime != null">
        #{planExecTime,jdbcType=VARCHAR},
      </if>
      <if test="createTime != null">
        #{createTime,jdbcType=TIMESTAMP},
      </if>
      <if test="createMis != null">
        #{createMis,jdbcType=VARCHAR},
      </if>
      <if test="status != null">
        #{status,jdbcType=SMALLINT},
      </if>
      <if test="isDelete != null">
        #{isDelete,jdbcType=SMALLINT},
      </if>
      <if test="taskConfig != null">
        #{taskConfig,jdbcType=LONGVARCHAR},
      </if>
    </trim>
  </insert>
  <select id="countByExample" parameterType="com.sankuai.tripdatecenter.databp.fenghuang.dao.po.example.TaskPOExample" resultType="java.lang.Long">
    <!--
      WARNING - @mbg.generated
      This element is automatically generated by MyBatis Generator, do not modify.
      This element was generated on Tue Jul 26 15:18:35 CST 2022.
    -->
    select count(*) from fenghuang_task
    <if test="_parameter != null">
      <include refid="Example_Where_Clause" />
    </if>
  </select>
  <update id="updateByExampleSelective" parameterType="map">
    <!--
      WARNING - @mbg.generated
      This element is automatically generated by MyBatis Generator, do not modify.
      This element was generated on Tue Jul 26 15:18:35 CST 2022.
    -->
    update fenghuang_task
    <set>
      <if test="record.id != null">
        id = #{record.id,jdbcType=BIGINT},
      </if>
      <if test="record.taskType != null">
        task_type = #{record.taskType,jdbcType=SMALLINT},
      </if>
      <if test="record.taskName != null">
        task_name = #{record.taskName,jdbcType=VARCHAR},
      </if>
      <if test="record.taskTopic != null">
        task_topic = #{record.taskTopic,jdbcType=VARCHAR},
      </if>
      <if test="record.planExecTime != null">
        plan_exec_time = #{record.planExecTime,jdbcType=VARCHAR},
      </if>
      <if test="record.createTime != null">
        create_time = #{record.createTime,jdbcType=TIMESTAMP},
      </if>
      <if test="record.createMis != null">
        create_mis = #{record.createMis,jdbcType=VARCHAR},
      </if>
      <if test="record.status != null">
        status = #{record.status,jdbcType=SMALLINT},
      </if>
      <if test="record.isDelete != null">
        is_delete = #{record.isDelete,jdbcType=SMALLINT},
      </if>
      <if test="record.taskConfig != null">
        task_config = #{record.taskConfig,jdbcType=LONGVARCHAR},
      </if>
    </set>
    <if test="example != null">
      <include refid="Update_By_Example_Where_Clause" />
    </if>
  </update>
  <update id="updateByExampleWithBLOBs" parameterType="map">
    <!--
      WARNING - @mbg.generated
      This element is automatically generated by MyBatis Generator, do not modify.
      This element was generated on Tue Jul 26 15:18:35 CST 2022.
    -->
    update fenghuang_task
    set id = #{record.id,jdbcType=BIGINT},
      task_type = #{record.taskType,jdbcType=SMALLINT},
      task_name = #{record.taskName,jdbcType=VARCHAR},
      task_topic = #{record.taskTopic,jdbcType=VARCHAR},
      plan_exec_time = #{record.planExecTime,jdbcType=VARCHAR},
      create_time = #{record.createTime,jdbcType=TIMESTAMP},
      create_mis = #{record.createMis,jdbcType=VARCHAR},
      status = #{record.status,jdbcType=SMALLINT},
      is_delete = #{record.isDelete,jdbcType=SMALLINT},
      task_config = #{record.taskConfig,jdbcType=LONGVARCHAR}
    <if test="example != null">
      <include refid="Update_By_Example_Where_Clause" />
    </if>
  </update>
  <update id="updateByExample" parameterType="map">
    <!--
      WARNING - @mbg.generated
      This element is automatically generated by MyBatis Generator, do not modify.
      This element was generated on Tue Jul 26 15:18:35 CST 2022.
    -->
    update fenghuang_task
    set id = #{record.id,jdbcType=BIGINT},
      task_type = #{record.taskType,jdbcType=SMALLINT},
      task_name = #{record.taskName,jdbcType=VARCHAR},
      task_topic = #{record.taskTopic,jdbcType=VARCHAR},
      plan_exec_time = #{record.planExecTime,jdbcType=VARCHAR},
      create_time = #{record.createTime,jdbcType=TIMESTAMP},
      create_mis = #{record.createMis,jdbcType=VARCHAR},
      status = #{record.status,jdbcType=SMALLINT},
      is_delete = #{record.isDelete,jdbcType=SMALLINT}
    <if test="example != null">
      <include refid="Update_By_Example_Where_Clause" />
    </if>
  </update>
</mapper>