<?xml version="1.0" encoding="UTF-8"?>
<!DOCTYPE mapper PUBLIC "-//mybatis.org//DTD Mapper 3.0//EN" "http://mybatis.org/dtd/mybatis-3-mapper.dtd">
<mapper namespace="com.sankuai.tripdatecenter.databp.fenghuang.dao.mapper.auto.TemplatePOMapper">
  <resultMap id="BaseResultMap" type="com.sankuai.tripdatecenter.databp.fenghuang.dao.po.TemplatePO">
    <!--
      WARNING - @mbg.generated
      This element is automatically generated by MyBatis Generator, do not modify.
      This element was generated on Tue Feb 28 17:59:12 CST 2023.
    -->
    <result column="id" jdbcType="BIGINT" property="id" />
    <result column="template_id" jdbcType="BIGINT" property="templateId" />
    <result column="template_code" jdbcType="VARCHAR" property="templateCode" />
    <result column="template_name" jdbcType="VARCHAR" property="templateName" />
    <result column="template_type" jdbcType="VARCHAR" property="templateType" />
    <result column="is_online" jdbcType="SMALLINT" property="isOnline" />
    <result column="is_delete" jdbcType="SMALLINT" property="isDelete" />
    <result column="created_mis" jdbcType="VARCHAR" property="createdMis" />
    <result column="last_update_mis" jdbcType="VARCHAR" property="lastUpdateMis" />
    <result column="created_time" jdbcType="TIMESTAMP" property="createdTime" />
    <result column="update_time" jdbcType="TIMESTAMP" property="updateTime" />
  </resultMap>
  <sql id="Example_Where_Clause">
    <!--
      WARNING - @mbg.generated
      This element is automatically generated by MyBatis Generator, do not modify.
      This element was generated on Tue Feb 28 17:59:12 CST 2023.
    -->
    <where>
      <foreach collection="oredCriteria" item="criteria" separator="or">
        <if test="criteria.valid">
          <trim prefix="(" prefixOverrides="and" suffix=")">
            <foreach collection="criteria.criteria" item="criterion">
              <choose>
                <when test="criterion.noValue">
                  and ${criterion.condition}
                </when>
                <when test="criterion.singleValue">
                  and ${criterion.condition} #{criterion.value}
                </when>
                <when test="criterion.betweenValue">
                  and ${criterion.condition} #{criterion.value} and #{criterion.secondValue}
                </when>
                <when test="criterion.listValue">
                  and ${criterion.condition}
                  <foreach close=")" collection="criterion.value" item="listItem" open="(" separator=",">
                    #{listItem}
                  </foreach>
                </when>
              </choose>
            </foreach>
          </trim>
        </if>
      </foreach>
    </where>
  </sql>
  <sql id="Update_By_Example_Where_Clause">
    <!--
      WARNING - @mbg.generated
      This element is automatically generated by MyBatis Generator, do not modify.
      This element was generated on Tue Feb 28 17:59:12 CST 2023.
    -->
    <where>
      <foreach collection="example.oredCriteria" item="criteria" separator="or">
        <if test="criteria.valid">
          <trim prefix="(" prefixOverrides="and" suffix=")">
            <foreach collection="criteria.criteria" item="criterion">
              <choose>
                <when test="criterion.noValue">
                  and ${criterion.condition}
                </when>
                <when test="criterion.singleValue">
                  and ${criterion.condition} #{criterion.value}
                </when>
                <when test="criterion.betweenValue">
                  and ${criterion.condition} #{criterion.value} and #{criterion.secondValue}
                </when>
                <when test="criterion.listValue">
                  and ${criterion.condition}
                  <foreach close=")" collection="criterion.value" item="listItem" open="(" separator=",">
                    #{listItem}
                  </foreach>
                </when>
              </choose>
            </foreach>
          </trim>
        </if>
      </foreach>
    </where>
  </sql>
  <sql id="Base_Column_List">
    <!--
      WARNING - @mbg.generated
      This element is automatically generated by MyBatis Generator, do not modify.
      This element was generated on Tue Feb 28 17:59:12 CST 2023.
    -->
    id, template_id, template_code, template_name, template_type, is_online, is_delete, 
    created_mis, last_update_mis, created_time, update_time
  </sql>
  <select id="selectByExample" parameterType="com.sankuai.tripdatecenter.databp.fenghuang.dao.po.example.TemplatePOExample" resultMap="BaseResultMap">
    <!--
      WARNING - @mbg.generated
      This element is automatically generated by MyBatis Generator, do not modify.
      This element was generated on Tue Feb 28 17:59:12 CST 2023.
    -->
    select
    <if test="distinct">
      distinct
    </if>
    <include refid="Base_Column_List" />
    from fenghuang_info_template
    <if test="_parameter != null">
      <include refid="Example_Where_Clause" />
    </if>
    <if test="orderByClause != null">
      order by ${orderByClause}
    </if>
  </select>
  <delete id="deleteByExample" parameterType="com.sankuai.tripdatecenter.databp.fenghuang.dao.po.example.TemplatePOExample">
    <!--
      WARNING - @mbg.generated
      This element is automatically generated by MyBatis Generator, do not modify.
      This element was generated on Tue Feb 28 17:59:12 CST 2023.
    -->
    delete from fenghuang_info_template
    <if test="_parameter != null">
      <include refid="Example_Where_Clause" />
    </if>
  </delete>
  <insert id="insert" parameterType="com.sankuai.tripdatecenter.databp.fenghuang.dao.po.TemplatePO">
    <!--
      WARNING - @mbg.generated
      This element is automatically generated by MyBatis Generator, do not modify.
      This element was generated on Tue Feb 28 17:59:12 CST 2023.
    -->
    <selectKey keyProperty="id" order="AFTER" resultType="java.lang.Long">
      SELECT LAST_INSERT_ID()
    </selectKey>
    insert into fenghuang_info_template (template_id, template_code, template_name, 
      template_type, is_online, is_delete, 
      created_mis, last_update_mis, created_time, 
      update_time)
    values (#{templateId,jdbcType=BIGINT}, #{templateCode,jdbcType=VARCHAR}, #{templateName,jdbcType=VARCHAR}, 
      #{templateType,jdbcType=VARCHAR}, #{isOnline,jdbcType=SMALLINT}, #{isDelete,jdbcType=SMALLINT}, 
      #{createdMis,jdbcType=VARCHAR}, #{lastUpdateMis,jdbcType=VARCHAR}, #{createdTime,jdbcType=TIMESTAMP}, 
      #{updateTime,jdbcType=TIMESTAMP})
  </insert>
  <insert id="insertSelective" parameterType="com.sankuai.tripdatecenter.databp.fenghuang.dao.po.TemplatePO">
    <!--
      WARNING - @mbg.generated
      This element is automatically generated by MyBatis Generator, do not modify.
      This element was generated on Tue Feb 28 17:59:12 CST 2023.
    -->
    <selectKey keyProperty="id" order="AFTER" resultType="java.lang.Long">
      SELECT LAST_INSERT_ID()
    </selectKey>
    insert into fenghuang_info_template
    <trim prefix="(" suffix=")" suffixOverrides=",">
      <if test="templateId != null">
        template_id,
      </if>
      <if test="templateCode != null">
        template_code,
      </if>
      <if test="templateName != null">
        template_name,
      </if>
      <if test="templateType != null">
        template_type,
      </if>
      <if test="isOnline != null">
        is_online,
      </if>
      <if test="isDelete != null">
        is_delete,
      </if>
      <if test="createdMis != null">
        created_mis,
      </if>
      <if test="lastUpdateMis != null">
        last_update_mis,
      </if>
      <if test="createdTime != null">
        created_time,
      </if>
      <if test="updateTime != null">
        update_time,
      </if>
    </trim>
    <trim prefix="values (" suffix=")" suffixOverrides=",">
      <if test="templateId != null">
        #{templateId,jdbcType=BIGINT},
      </if>
      <if test="templateCode != null">
        #{templateCode,jdbcType=VARCHAR},
      </if>
      <if test="templateName != null">
        #{templateName,jdbcType=VARCHAR},
      </if>
      <if test="templateType != null">
        #{templateType,jdbcType=VARCHAR},
      </if>
      <if test="isOnline != null">
        #{isOnline,jdbcType=SMALLINT},
      </if>
      <if test="isDelete != null">
        #{isDelete,jdbcType=SMALLINT},
      </if>
      <if test="createdMis != null">
        #{createdMis,jdbcType=VARCHAR},
      </if>
      <if test="lastUpdateMis != null">
        #{lastUpdateMis,jdbcType=VARCHAR},
      </if>
      <if test="createdTime != null">
        #{createdTime,jdbcType=TIMESTAMP},
      </if>
      <if test="updateTime != null">
        #{updateTime,jdbcType=TIMESTAMP},
      </if>
    </trim>
  </insert>
  <select id="countByExample" parameterType="com.sankuai.tripdatecenter.databp.fenghuang.dao.po.example.TemplatePOExample" resultType="java.lang.Long">
    <!--
      WARNING - @mbg.generated
      This element is automatically generated by MyBatis Generator, do not modify.
      This element was generated on Tue Feb 28 17:59:12 CST 2023.
    -->
    select count(*) from fenghuang_info_template
    <if test="_parameter != null">
      <include refid="Example_Where_Clause" />
    </if>
  </select>
  <update id="updateByExampleSelective" parameterType="map">
    <!--
      WARNING - @mbg.generated
      This element is automatically generated by MyBatis Generator, do not modify.
      This element was generated on Tue Feb 28 17:59:12 CST 2023.
    -->
    update fenghuang_info_template
    <set>
      <if test="record.id != null">
        id = #{record.id,jdbcType=BIGINT},
      </if>
      <if test="record.templateId != null">
        template_id = #{record.templateId,jdbcType=BIGINT},
      </if>
      <if test="record.templateCode != null">
        template_code = #{record.templateCode,jdbcType=VARCHAR},
      </if>
      <if test="record.templateName != null">
        template_name = #{record.templateName,jdbcType=VARCHAR},
      </if>
      <if test="record.templateType != null">
        template_type = #{record.templateType,jdbcType=VARCHAR},
      </if>
      <if test="record.isOnline != null">
        is_online = #{record.isOnline,jdbcType=SMALLINT},
      </if>
      <if test="record.isDelete != null">
        is_delete = #{record.isDelete,jdbcType=SMALLINT},
      </if>
      <if test="record.createdMis != null">
        created_mis = #{record.createdMis,jdbcType=VARCHAR},
      </if>
      <if test="record.lastUpdateMis != null">
        last_update_mis = #{record.lastUpdateMis,jdbcType=VARCHAR},
      </if>
      <if test="record.createdTime != null">
        created_time = #{record.createdTime,jdbcType=TIMESTAMP},
      </if>
      <if test="record.updateTime != null">
        update_time = #{record.updateTime,jdbcType=TIMESTAMP},
      </if>
    </set>
    <if test="example != null">
      <include refid="Update_By_Example_Where_Clause" />
    </if>
  </update>
  <update id="updateByExample" parameterType="map">
    <!--
      WARNING - @mbg.generated
      This element is automatically generated by MyBatis Generator, do not modify.
      This element was generated on Tue Feb 28 17:59:12 CST 2023.
    -->
    update fenghuang_info_template
    set id = #{record.id,jdbcType=BIGINT},
      template_id = #{record.templateId,jdbcType=BIGINT},
      template_code = #{record.templateCode,jdbcType=VARCHAR},
      template_name = #{record.templateName,jdbcType=VARCHAR},
      template_type = #{record.templateType,jdbcType=VARCHAR},
      is_online = #{record.isOnline,jdbcType=SMALLINT},
      is_delete = #{record.isDelete,jdbcType=SMALLINT},
      created_mis = #{record.createdMis,jdbcType=VARCHAR},
      last_update_mis = #{record.lastUpdateMis,jdbcType=VARCHAR},
      created_time = #{record.createdTime,jdbcType=TIMESTAMP},
      update_time = #{record.updateTime,jdbcType=TIMESTAMP}
    <if test="example != null">
      <include refid="Update_By_Example_Where_Clause" />
    </if>
  </update>
</mapper>