<?xml version="1.0" encoding="UTF-8"?>
<!DOCTYPE mapper PUBLIC "-//mybatis.org//DTD Mapper 3.0//EN" "http://mybatis.org/dtd/mybatis-3-mapper.dtd">
<mapper namespace="com.sankuai.tripdatecenter.databp.fenghuang.dao.mapper.auto.TmpAppPOMapper">
  <resultMap id="BaseResultMap" type="com.sankuai.tripdatecenter.databp.fenghuang.dao.po.TmpAppPO">
    <!--
      WARNING - @mbg.generated
      This element is automatically generated by MyBatis Generator, do not modify.
      This element was generated on Fri Dec 09 17:05:50 CST 2022.
    -->
    <result column="id" jdbcType="BIGINT" property="id" />
    <result column="tmpapp_id" jdbcType="BIGINT" property="tmpappId" />
    <result column="version" jdbcType="BIGINT" property="version" />
    <result column="tmpapp_name" jdbcType="VARCHAR" property="tmpappName" />
    <result column="datasource_id" jdbcType="BIGINT" property="datasourceId" />
    <result column="definition_info" jdbcType="VARCHAR" property="definitionInfo" />
    <result column="use_info" jdbcType="VARCHAR" property="useInfo" />
    <result column="tmpapp_comment" jdbcType="VARCHAR" property="tmpappComment" />
    <result column="is_online" jdbcType="SMALLINT" property="isOnline" />
    <result column="is_delete" jdbcType="SMALLINT" property="isDelete" />
    <result column="created_mis" jdbcType="VARCHAR" property="createdMis" />
    <result column="last_update_mis" jdbcType="VARCHAR" property="lastUpdateMis" />
    <result column="created_time" jdbcType="TIMESTAMP" property="createdTime" />
    <result column="update_time" jdbcType="TIMESTAMP" property="updateTime" />
    <result column="table_name" jdbcType="VARCHAR" property="tableName" />
    <result column="tmpapp_type" jdbcType="INTEGER" property="tmpappType" />
    <result column="business_id" jdbcType="VARCHAR" property="businessId" />
  </resultMap>
  <resultMap extends="BaseResultMap" id="ResultMapWithBLOBs" type="com.sankuai.tripdatecenter.databp.fenghuang.dao.po.TmpAppPO">
    <!--
      WARNING - @mbg.generated
      This element is automatically generated by MyBatis Generator, do not modify.
      This element was generated on Fri Dec 09 17:05:50 CST 2022.
    -->
    <result column="sql_template" jdbcType="LONGVARCHAR" property="sqlTemplate" />
  </resultMap>
  <sql id="Example_Where_Clause">
    <!--
      WARNING - @mbg.generated
      This element is automatically generated by MyBatis Generator, do not modify.
      This element was generated on Fri Dec 09 17:05:50 CST 2022.
    -->
    <where>
      <foreach collection="oredCriteria" item="criteria" separator="or">
        <if test="criteria.valid">
          <trim prefix="(" prefixOverrides="and" suffix=")">
            <foreach collection="criteria.criteria" item="criterion">
              <choose>
                <when test="criterion.noValue">
                  and ${criterion.condition}
                </when>
                <when test="criterion.singleValue">
                  and ${criterion.condition} #{criterion.value}
                </when>
                <when test="criterion.betweenValue">
                  and ${criterion.condition} #{criterion.value} and #{criterion.secondValue}
                </when>
                <when test="criterion.listValue">
                  and ${criterion.condition}
                  <foreach close=")" collection="criterion.value" item="listItem" open="(" separator=",">
                    #{listItem}
                  </foreach>
                </when>
              </choose>
            </foreach>
          </trim>
        </if>
      </foreach>
    </where>
  </sql>
  <sql id="Update_By_Example_Where_Clause">
    <!--
      WARNING - @mbg.generated
      This element is automatically generated by MyBatis Generator, do not modify.
      This element was generated on Fri Dec 09 17:05:50 CST 2022.
    -->
    <where>
      <foreach collection="example.oredCriteria" item="criteria" separator="or">
        <if test="criteria.valid">
          <trim prefix="(" prefixOverrides="and" suffix=")">
            <foreach collection="criteria.criteria" item="criterion">
              <choose>
                <when test="criterion.noValue">
                  and ${criterion.condition}
                </when>
                <when test="criterion.singleValue">
                  and ${criterion.condition} #{criterion.value}
                </when>
                <when test="criterion.betweenValue">
                  and ${criterion.condition} #{criterion.value} and #{criterion.secondValue}
                </when>
                <when test="criterion.listValue">
                  and ${criterion.condition}
                  <foreach close=")" collection="criterion.value" item="listItem" open="(" separator=",">
                    #{listItem}
                  </foreach>
                </when>
              </choose>
            </foreach>
          </trim>
        </if>
      </foreach>
    </where>
  </sql>
  <sql id="Base_Column_List">
    <!--
      WARNING - @mbg.generated
      This element is automatically generated by MyBatis Generator, do not modify.
      This element was generated on Fri Dec 09 17:05:50 CST 2022.
    -->
    id, tmpapp_id, version, tmpapp_name, datasource_id, definition_info, use_info, tmpapp_comment, 
    is_online, is_delete, created_mis, last_update_mis, created_time, update_time, table_name, 
    tmpapp_type, business_id
  </sql>
  <sql id="Blob_Column_List">
    <!--
      WARNING - @mbg.generated
      This element is automatically generated by MyBatis Generator, do not modify.
      This element was generated on Fri Dec 09 17:05:50 CST 2022.
    -->
    sql_template
  </sql>
  <select id="selectByExampleWithBLOBs" parameterType="com.sankuai.tripdatecenter.databp.fenghuang.dao.po.example.TmpAppPOExample" resultMap="ResultMapWithBLOBs">
    <!--
      WARNING - @mbg.generated
      This element is automatically generated by MyBatis Generator, do not modify.
      This element was generated on Fri Dec 09 17:05:50 CST 2022.
    -->
    select
    <if test="distinct">
      distinct
    </if>
    <include refid="Base_Column_List" />
    ,
    <include refid="Blob_Column_List" />
    from fenghuang_info_tmpapp
    <if test="_parameter != null">
      <include refid="Example_Where_Clause" />
    </if>
    <if test="orderByClause != null">
      order by ${orderByClause}
    </if>
  </select>
  <select id="selectByExample" parameterType="com.sankuai.tripdatecenter.databp.fenghuang.dao.po.example.TmpAppPOExample" resultMap="BaseResultMap">
    <!--
      WARNING - @mbg.generated
      This element is automatically generated by MyBatis Generator, do not modify.
      This element was generated on Fri Dec 09 17:05:50 CST 2022.
    -->
    select
    <if test="distinct">
      distinct
    </if>
    <include refid="Base_Column_List" />
    from fenghuang_info_tmpapp
    <if test="_parameter != null">
      <include refid="Example_Where_Clause" />
    </if>
    <if test="orderByClause != null">
      order by ${orderByClause}
    </if>
  </select>
  <delete id="deleteByExample" parameterType="com.sankuai.tripdatecenter.databp.fenghuang.dao.po.example.TmpAppPOExample">
    <!--
      WARNING - @mbg.generated
      This element is automatically generated by MyBatis Generator, do not modify.
      This element was generated on Fri Dec 09 17:05:50 CST 2022.
    -->
    delete from fenghuang_info_tmpapp
    <if test="_parameter != null">
      <include refid="Example_Where_Clause" />
    </if>
  </delete>
  <insert id="insert" parameterType="com.sankuai.tripdatecenter.databp.fenghuang.dao.po.TmpAppPO">
    <!--
      WARNING - @mbg.generated
      This element is automatically generated by MyBatis Generator, do not modify.
      This element was generated on Fri Dec 09 17:05:50 CST 2022.
    -->
    <selectKey keyProperty="id" order="AFTER" resultType="java.lang.Long">
      SELECT LAST_INSERT_ID()
    </selectKey>
    insert into fenghuang_info_tmpapp (tmpapp_id, version, tmpapp_name, 
      datasource_id, definition_info, use_info, 
      tmpapp_comment, is_online, is_delete, 
      created_mis, last_update_mis, created_time, 
      update_time, table_name, tmpapp_type, 
      business_id, sql_template)
    values (#{tmpappId,jdbcType=BIGINT}, #{version,jdbcType=BIGINT}, #{tmpappName,jdbcType=VARCHAR}, 
      #{datasourceId,jdbcType=BIGINT}, #{definitionInfo,jdbcType=VARCHAR}, #{useInfo,jdbcType=VARCHAR}, 
      #{tmpappComment,jdbcType=VARCHAR}, #{isOnline,jdbcType=SMALLINT}, #{isDelete,jdbcType=SMALLINT}, 
      #{createdMis,jdbcType=VARCHAR}, #{lastUpdateMis,jdbcType=VARCHAR}, #{createdTime,jdbcType=TIMESTAMP}, 
      #{updateTime,jdbcType=TIMESTAMP}, #{tableName,jdbcType=VARCHAR}, #{tmpappType,jdbcType=INTEGER}, 
      #{businessId,jdbcType=VARCHAR}, #{sqlTemplate,jdbcType=LONGVARCHAR})
  </insert>
  <insert id="insertSelective" parameterType="com.sankuai.tripdatecenter.databp.fenghuang.dao.po.TmpAppPO">
    <!--
      WARNING - @mbg.generated
      This element is automatically generated by MyBatis Generator, do not modify.
      This element was generated on Fri Dec 09 17:05:50 CST 2022.
    -->
    <selectKey keyProperty="id" order="AFTER" resultType="java.lang.Long">
      SELECT LAST_INSERT_ID()
    </selectKey>
    insert into fenghuang_info_tmpapp
    <trim prefix="(" suffix=")" suffixOverrides=",">
      <if test="tmpappId != null">
        tmpapp_id,
      </if>
      <if test="version != null">
        version,
      </if>
      <if test="tmpappName != null">
        tmpapp_name,
      </if>
      <if test="datasourceId != null">
        datasource_id,
      </if>
      <if test="definitionInfo != null">
        definition_info,
      </if>
      <if test="useInfo != null">
        use_info,
      </if>
      <if test="tmpappComment != null">
        tmpapp_comment,
      </if>
      <if test="isOnline != null">
        is_online,
      </if>
      <if test="isDelete != null">
        is_delete,
      </if>
      <if test="createdMis != null">
        created_mis,
      </if>
      <if test="lastUpdateMis != null">
        last_update_mis,
      </if>
      <if test="createdTime != null">
        created_time,
      </if>
      <if test="updateTime != null">
        update_time,
      </if>
      <if test="tableName != null">
        table_name,
      </if>
      <if test="tmpappType != null">
        tmpapp_type,
      </if>
      <if test="businessId != null">
        business_id,
      </if>
      <if test="sqlTemplate != null">
        sql_template,
      </if>
    </trim>
    <trim prefix="values (" suffix=")" suffixOverrides=",">
      <if test="tmpappId != null">
        #{tmpappId,jdbcType=BIGINT},
      </if>
      <if test="version != null">
        #{version,jdbcType=BIGINT},
      </if>
      <if test="tmpappName != null">
        #{tmpappName,jdbcType=VARCHAR},
      </if>
      <if test="datasourceId != null">
        #{datasourceId,jdbcType=BIGINT},
      </if>
      <if test="definitionInfo != null">
        #{definitionInfo,jdbcType=VARCHAR},
      </if>
      <if test="useInfo != null">
        #{useInfo,jdbcType=VARCHAR},
      </if>
      <if test="tmpappComment != null">
        #{tmpappComment,jdbcType=VARCHAR},
      </if>
      <if test="isOnline != null">
        #{isOnline,jdbcType=SMALLINT},
      </if>
      <if test="isDelete != null">
        #{isDelete,jdbcType=SMALLINT},
      </if>
      <if test="createdMis != null">
        #{createdMis,jdbcType=VARCHAR},
      </if>
      <if test="lastUpdateMis != null">
        #{lastUpdateMis,jdbcType=VARCHAR},
      </if>
      <if test="createdTime != null">
        #{createdTime,jdbcType=TIMESTAMP},
      </if>
      <if test="updateTime != null">
        #{updateTime,jdbcType=TIMESTAMP},
      </if>
      <if test="tableName != null">
        #{tableName,jdbcType=VARCHAR},
      </if>
      <if test="tmpappType != null">
        #{tmpappType,jdbcType=INTEGER},
      </if>
      <if test="businessId != null">
        #{businessId,jdbcType=VARCHAR},
      </if>
      <if test="sqlTemplate != null">
        #{sqlTemplate,jdbcType=LONGVARCHAR},
      </if>
    </trim>
  </insert>
  <select id="countByExample" parameterType="com.sankuai.tripdatecenter.databp.fenghuang.dao.po.example.TmpAppPOExample" resultType="java.lang.Long">
    <!--
      WARNING - @mbg.generated
      This element is automatically generated by MyBatis Generator, do not modify.
      This element was generated on Fri Dec 09 17:05:50 CST 2022.
    -->
    select count(*) from fenghuang_info_tmpapp
    <if test="_parameter != null">
      <include refid="Example_Where_Clause" />
    </if>
  </select>
  <update id="updateByExampleSelective" parameterType="map">
    <!--
      WARNING - @mbg.generated
      This element is automatically generated by MyBatis Generator, do not modify.
      This element was generated on Fri Dec 09 17:05:50 CST 2022.
    -->
    update fenghuang_info_tmpapp
    <set>
      <if test="record.id != null">
        id = #{record.id,jdbcType=BIGINT},
      </if>
      <if test="record.tmpappId != null">
        tmpapp_id = #{record.tmpappId,jdbcType=BIGINT},
      </if>
      <if test="record.version != null">
        version = #{record.version,jdbcType=BIGINT},
      </if>
      <if test="record.tmpappName != null">
        tmpapp_name = #{record.tmpappName,jdbcType=VARCHAR},
      </if>
      <if test="record.datasourceId != null">
        datasource_id = #{record.datasourceId,jdbcType=BIGINT},
      </if>
      <if test="record.definitionInfo != null">
        definition_info = #{record.definitionInfo,jdbcType=VARCHAR},
      </if>
      <if test="record.useInfo != null">
        use_info = #{record.useInfo,jdbcType=VARCHAR},
      </if>
      <if test="record.tmpappComment != null">
        tmpapp_comment = #{record.tmpappComment,jdbcType=VARCHAR},
      </if>
      <if test="record.isOnline != null">
        is_online = #{record.isOnline,jdbcType=SMALLINT},
      </if>
      <if test="record.isDelete != null">
        is_delete = #{record.isDelete,jdbcType=SMALLINT},
      </if>
      <if test="record.createdMis != null">
        created_mis = #{record.createdMis,jdbcType=VARCHAR},
      </if>
      <if test="record.lastUpdateMis != null">
        last_update_mis = #{record.lastUpdateMis,jdbcType=VARCHAR},
      </if>
      <if test="record.createdTime != null">
        created_time = #{record.createdTime,jdbcType=TIMESTAMP},
      </if>
      <if test="record.updateTime != null">
        update_time = #{record.updateTime,jdbcType=TIMESTAMP},
      </if>
      <if test="record.tableName != null">
        table_name = #{record.tableName,jdbcType=VARCHAR},
      </if>
      <if test="record.tmpappType != null">
        tmpapp_type = #{record.tmpappType,jdbcType=INTEGER},
      </if>
      <if test="record.businessId != null">
        business_id = #{record.businessId,jdbcType=VARCHAR},
      </if>
      <if test="record.sqlTemplate != null">
        sql_template = #{record.sqlTemplate,jdbcType=LONGVARCHAR},
      </if>
    </set>
    <if test="example != null">
      <include refid="Update_By_Example_Where_Clause" />
    </if>
  </update>
  <update id="updateByExampleWithBLOBs" parameterType="map">
    <!--
      WARNING - @mbg.generated
      This element is automatically generated by MyBatis Generator, do not modify.
      This element was generated on Fri Dec 09 17:05:50 CST 2022.
    -->
    update fenghuang_info_tmpapp
    set id = #{record.id,jdbcType=BIGINT},
      tmpapp_id = #{record.tmpappId,jdbcType=BIGINT},
      version = #{record.version,jdbcType=BIGINT},
      tmpapp_name = #{record.tmpappName,jdbcType=VARCHAR},
      datasource_id = #{record.datasourceId,jdbcType=BIGINT},
      definition_info = #{record.definitionInfo,jdbcType=VARCHAR},
      use_info = #{record.useInfo,jdbcType=VARCHAR},
      tmpapp_comment = #{record.tmpappComment,jdbcType=VARCHAR},
      is_online = #{record.isOnline,jdbcType=SMALLINT},
      is_delete = #{record.isDelete,jdbcType=SMALLINT},
      created_mis = #{record.createdMis,jdbcType=VARCHAR},
      last_update_mis = #{record.lastUpdateMis,jdbcType=VARCHAR},
      created_time = #{record.createdTime,jdbcType=TIMESTAMP},
      update_time = #{record.updateTime,jdbcType=TIMESTAMP},
      table_name = #{record.tableName,jdbcType=VARCHAR},
      tmpapp_type = #{record.tmpappType,jdbcType=INTEGER},
      business_id = #{record.businessId,jdbcType=VARCHAR},
      sql_template = #{record.sqlTemplate,jdbcType=LONGVARCHAR}
    <if test="example != null">
      <include refid="Update_By_Example_Where_Clause" />
    </if>
  </update>
  <update id="updateByExample" parameterType="map">
    <!--
      WARNING - @mbg.generated
      This element is automatically generated by MyBatis Generator, do not modify.
      This element was generated on Fri Dec 09 17:05:50 CST 2022.
    -->
    update fenghuang_info_tmpapp
    set id = #{record.id,jdbcType=BIGINT},
      tmpapp_id = #{record.tmpappId,jdbcType=BIGINT},
      version = #{record.version,jdbcType=BIGINT},
      tmpapp_name = #{record.tmpappName,jdbcType=VARCHAR},
      datasource_id = #{record.datasourceId,jdbcType=BIGINT},
      definition_info = #{record.definitionInfo,jdbcType=VARCHAR},
      use_info = #{record.useInfo,jdbcType=VARCHAR},
      tmpapp_comment = #{record.tmpappComment,jdbcType=VARCHAR},
      is_online = #{record.isOnline,jdbcType=SMALLINT},
      is_delete = #{record.isDelete,jdbcType=SMALLINT},
      created_mis = #{record.createdMis,jdbcType=VARCHAR},
      last_update_mis = #{record.lastUpdateMis,jdbcType=VARCHAR},
      created_time = #{record.createdTime,jdbcType=TIMESTAMP},
      update_time = #{record.updateTime,jdbcType=TIMESTAMP},
      table_name = #{record.tableName,jdbcType=VARCHAR},
      tmpapp_type = #{record.tmpappType,jdbcType=INTEGER},
      business_id = #{record.businessId,jdbcType=VARCHAR}
    <if test="example != null">
      <include refid="Update_By_Example_Where_Clause" />
    </if>
  </update>
</mapper>