<?xml version="1.0" encoding="UTF-8"?>
<!DOCTYPE mapper PUBLIC "-//mybatis.org//DTD Mapper 3.0//EN" "http://mybatis.org/dtd/mybatis-3-mapper.dtd">
<mapper namespace="com.sankuai.tripdatecenter.databp.fenghuang.dao.mapper.auto.TopicPOMapper">
  <resultMap id="BaseResultMap" type="com.sankuai.tripdatecenter.databp.fenghuang.dao.po.TopicPO">
    <!--
      WARNING - @mbg.generated
      This element is automatically generated by MyBatis Generator, do not modify.
      This element was generated on Wed May 17 10:20:43 CST 2023.
    -->
    <result column="id" jdbcType="BIGINT" property="id" />
    <result column="topic_id" jdbcType="BIGINT" property="topicId" />
    <result column="version" jdbcType="BIGINT" property="version" />
    <result column="report_id" jdbcType="BIGINT" property="reportId" />
    <result column="topic_name" jdbcType="VARCHAR" property="topicName" />
    <result column="template_type" jdbcType="VARCHAR" property="templateType" />
    <result column="order_num" jdbcType="INTEGER" property="orderNum" />
    <result column="is_online" jdbcType="SMALLINT" property="isOnline" />
    <result column="is_auth" jdbcType="INTEGER" property="isAuth" />
    <result column="auth_type" jdbcType="INTEGER" property="authType" />
    <result column="auth_source_code" jdbcType="VARCHAR" property="authSourceCode" />
    <result column="is_delete" jdbcType="SMALLINT" property="isDelete" />
    <result column="created_mis" jdbcType="VARCHAR" property="createdMis" />
    <result column="last_update_mis" jdbcType="VARCHAR" property="lastUpdateMis" />
    <result column="created_time" jdbcType="TIMESTAMP" property="createdTime" />
    <result column="update_time" jdbcType="TIMESTAMP" property="updateTime" />
    <result column="business_id" jdbcType="VARCHAR" property="businessId" />
  </resultMap>
  <sql id="Example_Where_Clause">
    <!--
      WARNING - @mbg.generated
      This element is automatically generated by MyBatis Generator, do not modify.
      This element was generated on Wed May 17 10:20:43 CST 2023.
    -->
    <where>
      <foreach collection="oredCriteria" item="criteria" separator="or">
        <if test="criteria.valid">
          <trim prefix="(" prefixOverrides="and" suffix=")">
            <foreach collection="criteria.criteria" item="criterion">
              <choose>
                <when test="criterion.noValue">
                  and ${criterion.condition}
                </when>
                <when test="criterion.singleValue">
                  and ${criterion.condition} #{criterion.value}
                </when>
                <when test="criterion.betweenValue">
                  and ${criterion.condition} #{criterion.value} and #{criterion.secondValue}
                </when>
                <when test="criterion.listValue">
                  and ${criterion.condition}
                  <foreach close=")" collection="criterion.value" item="listItem" open="(" separator=",">
                    #{listItem}
                  </foreach>
                </when>
              </choose>
            </foreach>
          </trim>
        </if>
      </foreach>
    </where>
  </sql>
  <sql id="Update_By_Example_Where_Clause">
    <!--
      WARNING - @mbg.generated
      This element is automatically generated by MyBatis Generator, do not modify.
      This element was generated on Wed May 17 10:20:43 CST 2023.
    -->
    <where>
      <foreach collection="example.oredCriteria" item="criteria" separator="or">
        <if test="criteria.valid">
          <trim prefix="(" prefixOverrides="and" suffix=")">
            <foreach collection="criteria.criteria" item="criterion">
              <choose>
                <when test="criterion.noValue">
                  and ${criterion.condition}
                </when>
                <when test="criterion.singleValue">
                  and ${criterion.condition} #{criterion.value}
                </when>
                <when test="criterion.betweenValue">
                  and ${criterion.condition} #{criterion.value} and #{criterion.secondValue}
                </when>
                <when test="criterion.listValue">
                  and ${criterion.condition}
                  <foreach close=")" collection="criterion.value" item="listItem" open="(" separator=",">
                    #{listItem}
                  </foreach>
                </when>
              </choose>
            </foreach>
          </trim>
        </if>
      </foreach>
    </where>
  </sql>
  <sql id="Base_Column_List">
    <!--
      WARNING - @mbg.generated
      This element is automatically generated by MyBatis Generator, do not modify.
      This element was generated on Wed May 17 10:20:43 CST 2023.
    -->
    id, topic_id, version, report_id, topic_name, template_type, order_num, is_online, 
    is_auth, auth_type, auth_source_code, is_delete, created_mis, last_update_mis, created_time, 
    update_time, business_id
  </sql>
  <select id="selectByExample" parameterType="com.sankuai.tripdatecenter.databp.fenghuang.dao.po.example.TopicPOExample" resultMap="BaseResultMap">
    <!--
      WARNING - @mbg.generated
      This element is automatically generated by MyBatis Generator, do not modify.
      This element was generated on Wed May 17 10:20:43 CST 2023.
    -->
    select
    <if test="distinct">
      distinct
    </if>
    <include refid="Base_Column_List" />
    from fenghuang_info_topic
    <if test="_parameter != null">
      <include refid="Example_Where_Clause" />
    </if>
    <if test="orderByClause != null">
      order by ${orderByClause}
    </if>
  </select>
  <delete id="deleteByExample" parameterType="com.sankuai.tripdatecenter.databp.fenghuang.dao.po.example.TopicPOExample">
    <!--
      WARNING - @mbg.generated
      This element is automatically generated by MyBatis Generator, do not modify.
      This element was generated on Wed May 17 10:20:43 CST 2023.
    -->
    delete from fenghuang_info_topic
    <if test="_parameter != null">
      <include refid="Example_Where_Clause" />
    </if>
  </delete>
  <insert id="insert" parameterType="com.sankuai.tripdatecenter.databp.fenghuang.dao.po.TopicPO">
    <!--
      WARNING - @mbg.generated
      This element is automatically generated by MyBatis Generator, do not modify.
      This element was generated on Wed May 17 10:20:43 CST 2023.
    -->
    <selectKey keyProperty="id" order="AFTER" resultType="java.lang.Long">
      SELECT LAST_INSERT_ID()
    </selectKey>
    insert into fenghuang_info_topic (topic_id, version, report_id, 
      topic_name, template_type, order_num, 
      is_online, is_auth, auth_type, 
      auth_source_code, is_delete, created_mis, 
      last_update_mis, created_time, update_time, 
      business_id)
    values (#{topicId,jdbcType=BIGINT}, #{version,jdbcType=BIGINT}, #{reportId,jdbcType=BIGINT}, 
      #{topicName,jdbcType=VARCHAR}, #{templateType,jdbcType=VARCHAR}, #{orderNum,jdbcType=INTEGER}, 
      #{isOnline,jdbcType=SMALLINT}, #{isAuth,jdbcType=INTEGER}, #{authType,jdbcType=INTEGER}, 
      #{authSourceCode,jdbcType=VARCHAR}, #{isDelete,jdbcType=SMALLINT}, #{createdMis,jdbcType=VARCHAR}, 
      #{lastUpdateMis,jdbcType=VARCHAR}, #{createdTime,jdbcType=TIMESTAMP}, #{updateTime,jdbcType=TIMESTAMP}, 
      #{businessId,jdbcType=VARCHAR})
  </insert>
  <insert id="insertSelective" parameterType="com.sankuai.tripdatecenter.databp.fenghuang.dao.po.TopicPO">
    <!--
      WARNING - @mbg.generated
      This element is automatically generated by MyBatis Generator, do not modify.
      This element was generated on Wed May 17 10:20:43 CST 2023.
    -->
    <selectKey keyProperty="id" order="AFTER" resultType="java.lang.Long">
      SELECT LAST_INSERT_ID()
    </selectKey>
    insert into fenghuang_info_topic
    <trim prefix="(" suffix=")" suffixOverrides=",">
      <if test="topicId != null">
        topic_id,
      </if>
      <if test="version != null">
        version,
      </if>
      <if test="reportId != null">
        report_id,
      </if>
      <if test="topicName != null">
        topic_name,
      </if>
      <if test="templateType != null">
        template_type,
      </if>
      <if test="orderNum != null">
        order_num,
      </if>
      <if test="isOnline != null">
        is_online,
      </if>
      <if test="isAuth != null">
        is_auth,
      </if>
      <if test="authType != null">
        auth_type,
      </if>
      <if test="authSourceCode != null">
        auth_source_code,
      </if>
      <if test="isDelete != null">
        is_delete,
      </if>
      <if test="createdMis != null">
        created_mis,
      </if>
      <if test="lastUpdateMis != null">
        last_update_mis,
      </if>
      <if test="createdTime != null">
        created_time,
      </if>
      <if test="updateTime != null">
        update_time,
      </if>
      <if test="businessId != null">
        business_id,
      </if>
    </trim>
    <trim prefix="values (" suffix=")" suffixOverrides=",">
      <if test="topicId != null">
        #{topicId,jdbcType=BIGINT},
      </if>
      <if test="version != null">
        #{version,jdbcType=BIGINT},
      </if>
      <if test="reportId != null">
        #{reportId,jdbcType=BIGINT},
      </if>
      <if test="topicName != null">
        #{topicName,jdbcType=VARCHAR},
      </if>
      <if test="templateType != null">
        #{templateType,jdbcType=VARCHAR},
      </if>
      <if test="orderNum != null">
        #{orderNum,jdbcType=INTEGER},
      </if>
      <if test="isOnline != null">
        #{isOnline,jdbcType=SMALLINT},
      </if>
      <if test="isAuth != null">
        #{isAuth,jdbcType=INTEGER},
      </if>
      <if test="authType != null">
        #{authType,jdbcType=INTEGER},
      </if>
      <if test="authSourceCode != null">
        #{authSourceCode,jdbcType=VARCHAR},
      </if>
      <if test="isDelete != null">
        #{isDelete,jdbcType=SMALLINT},
      </if>
      <if test="createdMis != null">
        #{createdMis,jdbcType=VARCHAR},
      </if>
      <if test="lastUpdateMis != null">
        #{lastUpdateMis,jdbcType=VARCHAR},
      </if>
      <if test="createdTime != null">
        #{createdTime,jdbcType=TIMESTAMP},
      </if>
      <if test="updateTime != null">
        #{updateTime,jdbcType=TIMESTAMP},
      </if>
      <if test="businessId != null">
        #{businessId,jdbcType=VARCHAR},
      </if>
    </trim>
  </insert>
  <select id="countByExample" parameterType="com.sankuai.tripdatecenter.databp.fenghuang.dao.po.example.TopicPOExample" resultType="java.lang.Long">
    <!--
      WARNING - @mbg.generated
      This element is automatically generated by MyBatis Generator, do not modify.
      This element was generated on Wed May 17 10:20:43 CST 2023.
    -->
    select count(*) from fenghuang_info_topic
    <if test="_parameter != null">
      <include refid="Example_Where_Clause" />
    </if>
  </select>
  <update id="updateByExampleSelective" parameterType="map">
    <!--
      WARNING - @mbg.generated
      This element is automatically generated by MyBatis Generator, do not modify.
      This element was generated on Wed May 17 10:20:43 CST 2023.
    -->
    update fenghuang_info_topic
    <set>
      <if test="record.id != null">
        id = #{record.id,jdbcType=BIGINT},
      </if>
      <if test="record.topicId != null">
        topic_id = #{record.topicId,jdbcType=BIGINT},
      </if>
      <if test="record.version != null">
        version = #{record.version,jdbcType=BIGINT},
      </if>
      <if test="record.reportId != null">
        report_id = #{record.reportId,jdbcType=BIGINT},
      </if>
      <if test="record.topicName != null">
        topic_name = #{record.topicName,jdbcType=VARCHAR},
      </if>
      <if test="record.templateType != null">
        template_type = #{record.templateType,jdbcType=VARCHAR},
      </if>
      <if test="record.orderNum != null">
        order_num = #{record.orderNum,jdbcType=INTEGER},
      </if>
      <if test="record.isOnline != null">
        is_online = #{record.isOnline,jdbcType=SMALLINT},
      </if>
      <if test="record.isAuth != null">
        is_auth = #{record.isAuth,jdbcType=INTEGER},
      </if>
      <if test="record.authType != null">
        auth_type = #{record.authType,jdbcType=INTEGER},
      </if>
      <if test="record.authSourceCode != null">
        auth_source_code = #{record.authSourceCode,jdbcType=VARCHAR},
      </if>
      <if test="record.isDelete != null">
        is_delete = #{record.isDelete,jdbcType=SMALLINT},
      </if>
      <if test="record.createdMis != null">
        created_mis = #{record.createdMis,jdbcType=VARCHAR},
      </if>
      <if test="record.lastUpdateMis != null">
        last_update_mis = #{record.lastUpdateMis,jdbcType=VARCHAR},
      </if>
      <if test="record.createdTime != null">
        created_time = #{record.createdTime,jdbcType=TIMESTAMP},
      </if>
      <if test="record.updateTime != null">
        update_time = #{record.updateTime,jdbcType=TIMESTAMP},
      </if>
      <if test="record.businessId != null">
        business_id = #{record.businessId,jdbcType=VARCHAR},
      </if>
    </set>
    <if test="example != null">
      <include refid="Update_By_Example_Where_Clause" />
    </if>
  </update>
  <update id="updateByExample" parameterType="map">
    <!--
      WARNING - @mbg.generated
      This element is automatically generated by MyBatis Generator, do not modify.
      This element was generated on Wed May 17 10:20:43 CST 2023.
    -->
    update fenghuang_info_topic
    set id = #{record.id,jdbcType=BIGINT},
      topic_id = #{record.topicId,jdbcType=BIGINT},
      version = #{record.version,jdbcType=BIGINT},
      report_id = #{record.reportId,jdbcType=BIGINT},
      topic_name = #{record.topicName,jdbcType=VARCHAR},
      template_type = #{record.templateType,jdbcType=VARCHAR},
      order_num = #{record.orderNum,jdbcType=INTEGER},
      is_online = #{record.isOnline,jdbcType=SMALLINT},
      is_auth = #{record.isAuth,jdbcType=INTEGER},
      auth_type = #{record.authType,jdbcType=INTEGER},
      auth_source_code = #{record.authSourceCode,jdbcType=VARCHAR},
      is_delete = #{record.isDelete,jdbcType=SMALLINT},
      created_mis = #{record.createdMis,jdbcType=VARCHAR},
      last_update_mis = #{record.lastUpdateMis,jdbcType=VARCHAR},
      created_time = #{record.createdTime,jdbcType=TIMESTAMP},
      update_time = #{record.updateTime,jdbcType=TIMESTAMP},
      business_id = #{record.businessId,jdbcType=VARCHAR}
    <if test="example != null">
      <include refid="Update_By_Example_Where_Clause" />
    </if>
  </update>
</mapper>