<?xml version="1.0" encoding="UTF-8"?>
<!DOCTYPE mapper PUBLIC "-//mybatis.org//DTD Mapper 3.0//EN" "http://mybatis.org/dtd/mybatis-3-mapper.dtd">
<mapper namespace="com.sankuai.tripdatecenter.databp.fenghuang.dao.mapper.auto.TopicIndicatorPOMapper">
  <resultMap id="BaseResultMap" type="com.sankuai.tripdatecenter.databp.fenghuang.dao.po.TopicIndicatorPO">
    <!--
      WARNING - @mbg.generated
      This element is automatically generated by MyBatis Generator, do not modify.
      This element was generated on Wed Nov 30 11:48:56 CST 2022.
    -->
    <result column="id" jdbcType="BIGINT" property="id" />
    <result column="cur_id" jdbcType="BIGINT" property="curId" />
    <result column="parent_id" jdbcType="BIGINT" property="parentId" />
    <result column="report_id" jdbcType="BIGINT" property="reportId" />
    <result column="version" jdbcType="BIGINT" property="version" />
    <result column="topic_id" jdbcType="BIGINT" property="topicId" />
    <result column="module_id" jdbcType="BIGINT" property="moduleId" />
    <result column="indicator_id" jdbcType="VARCHAR" property="indicatorId" />
    <result column="indicator_alias" jdbcType="VARCHAR" property="indicatorAlias" />
    <result column="indicator_tag" jdbcType="VARCHAR" property="indicatorTag" />
    <result column="value_digit" jdbcType="INTEGER" property="valueDigit" />
    <result column="value_type" jdbcType="VARCHAR" property="valueType" />
    <result column="rate_value_digit" jdbcType="INTEGER" property="rateValueDigit" />
    <result column="rate_value_type" jdbcType="VARCHAR" property="rateValueType" />
    <result column="is_has_completion_rate" jdbcType="CHAR" property="isHasCompletionRate" />
    <result column="node_level" jdbcType="INTEGER" property="nodeLevel" />
    <result column="order_num" jdbcType="INTEGER" property="orderNum" />
    <result column="is_online" jdbcType="SMALLINT" property="isOnline" />
    <result column="is_delete" jdbcType="SMALLINT" property="isDelete" />
    <result column="created_mis" jdbcType="VARCHAR" property="createdMis" />
    <result column="last_update_mis" jdbcType="VARCHAR" property="lastUpdateMis" />
    <result column="created_time" jdbcType="TIMESTAMP" property="createdTime" />
    <result column="update_time" jdbcType="TIMESTAMP" property="updateTime" />
    <result column="app_source" jdbcType="INTEGER" property="appSource" />
    <result column="app_id" jdbcType="BIGINT" property="appId" />
    <result column="target_app_type" jdbcType="INTEGER" property="targetAppType" />
    <result column="target_app_id" jdbcType="BIGINT" property="targetAppId" />
    <result column="value_unit" jdbcType="VARCHAR" property="valueUnit" />
    <result column="rate_value_unit" jdbcType="VARCHAR" property="rateValueUnit" />
    <result column="ks_separation" jdbcType="SMALLINT" property="ksSeparation" />
    <result column="dim_reduce" jdbcType="INTEGER" property="dimReduce" />
    <result column="dim_reduce_dim_id" jdbcType="VARCHAR" property="dimReduceDimId" />
    <result column="dim_reduce_dim_name" jdbcType="VARCHAR" property="dimReduceDimName" />
    <result column="yoy_display_rule" jdbcType="INTEGER" property="yoyDisplayRule" />
  </resultMap>
  <sql id="Example_Where_Clause">
    <!--
      WARNING - @mbg.generated
      This element is automatically generated by MyBatis Generator, do not modify.
      This element was generated on Wed Nov 30 11:48:56 CST 2022.
    -->
    <where>
      <foreach collection="oredCriteria" item="criteria" separator="or">
        <if test="criteria.valid">
          <trim prefix="(" prefixOverrides="and" suffix=")">
            <foreach collection="criteria.criteria" item="criterion">
              <choose>
                <when test="criterion.noValue">
                  and ${criterion.condition}
                </when>
                <when test="criterion.singleValue">
                  and ${criterion.condition} #{criterion.value}
                </when>
                <when test="criterion.betweenValue">
                  and ${criterion.condition} #{criterion.value} and #{criterion.secondValue}
                </when>
                <when test="criterion.listValue">
                  and ${criterion.condition}
                  <foreach close=")" collection="criterion.value" item="listItem" open="(" separator=",">
                    #{listItem}
                  </foreach>
                </when>
              </choose>
            </foreach>
          </trim>
        </if>
      </foreach>
    </where>
  </sql>
  <sql id="Update_By_Example_Where_Clause">
    <!--
      WARNING - @mbg.generated
      This element is automatically generated by MyBatis Generator, do not modify.
      This element was generated on Wed Nov 30 11:48:56 CST 2022.
    -->
    <where>
      <foreach collection="example.oredCriteria" item="criteria" separator="or">
        <if test="criteria.valid">
          <trim prefix="(" prefixOverrides="and" suffix=")">
            <foreach collection="criteria.criteria" item="criterion">
              <choose>
                <when test="criterion.noValue">
                  and ${criterion.condition}
                </when>
                <when test="criterion.singleValue">
                  and ${criterion.condition} #{criterion.value}
                </when>
                <when test="criterion.betweenValue">
                  and ${criterion.condition} #{criterion.value} and #{criterion.secondValue}
                </when>
                <when test="criterion.listValue">
                  and ${criterion.condition}
                  <foreach close=")" collection="criterion.value" item="listItem" open="(" separator=",">
                    #{listItem}
                  </foreach>
                </when>
              </choose>
            </foreach>
          </trim>
        </if>
      </foreach>
    </where>
  </sql>
  <sql id="Base_Column_List">
    <!--
      WARNING - @mbg.generated
      This element is automatically generated by MyBatis Generator, do not modify.
      This element was generated on Wed Nov 30 11:48:56 CST 2022.
    -->
    id, cur_id, parent_id, report_id, version, topic_id, module_id, indicator_id, indicator_alias, 
    indicator_tag, value_digit, value_type, rate_value_digit, rate_value_type, is_has_completion_rate, 
    node_level, order_num, is_online, is_delete, created_mis, last_update_mis, created_time, 
    update_time, app_source, app_id, target_app_type, target_app_id, value_unit, rate_value_unit, 
    ks_separation, dim_reduce, dim_reduce_dim_id, dim_reduce_dim_name, yoy_display_rule
  </sql>
  <select id="selectByExample" parameterType="com.sankuai.tripdatecenter.databp.fenghuang.dao.po.example.TopicIndicatorPOExample" resultMap="BaseResultMap">
    <!--
      WARNING - @mbg.generated
      This element is automatically generated by MyBatis Generator, do not modify.
      This element was generated on Wed Nov 30 11:48:56 CST 2022.
    -->
    select
    <if test="distinct">
      distinct
    </if>
    <include refid="Base_Column_List" />
    from fenghuang_info_topic_indicator
    <if test="_parameter != null">
      <include refid="Example_Where_Clause" />
    </if>
    <if test="orderByClause != null">
      order by ${orderByClause}
    </if>
  </select>
  <delete id="deleteByExample" parameterType="com.sankuai.tripdatecenter.databp.fenghuang.dao.po.example.TopicIndicatorPOExample">
    <!--
      WARNING - @mbg.generated
      This element is automatically generated by MyBatis Generator, do not modify.
      This element was generated on Wed Nov 30 11:48:56 CST 2022.
    -->
    delete from fenghuang_info_topic_indicator
    <if test="_parameter != null">
      <include refid="Example_Where_Clause" />
    </if>
  </delete>
  <insert id="insert" parameterType="com.sankuai.tripdatecenter.databp.fenghuang.dao.po.TopicIndicatorPO">
    <!--
      WARNING - @mbg.generated
      This element is automatically generated by MyBatis Generator, do not modify.
      This element was generated on Wed Nov 30 11:48:56 CST 2022.
    -->
    <selectKey keyProperty="id" order="AFTER" resultType="java.lang.Long">
      SELECT LAST_INSERT_ID()
    </selectKey>
    insert into fenghuang_info_topic_indicator (cur_id, parent_id, report_id, 
      version, topic_id, module_id, 
      indicator_id, indicator_alias, indicator_tag, 
      value_digit, value_type, rate_value_digit, 
      rate_value_type, is_has_completion_rate, node_level, 
      order_num, is_online, is_delete, 
      created_mis, last_update_mis, created_time, 
      update_time, app_source, app_id, 
      target_app_type, target_app_id, value_unit, 
      rate_value_unit, ks_separation, dim_reduce, 
      dim_reduce_dim_id, dim_reduce_dim_name, yoy_display_rule
      )
    values (#{curId,jdbcType=BIGINT}, #{parentId,jdbcType=BIGINT}, #{reportId,jdbcType=BIGINT}, 
      #{version,jdbcType=BIGINT}, #{topicId,jdbcType=BIGINT}, #{moduleId,jdbcType=BIGINT}, 
      #{indicatorId,jdbcType=VARCHAR}, #{indicatorAlias,jdbcType=VARCHAR}, #{indicatorTag,jdbcType=VARCHAR}, 
      #{valueDigit,jdbcType=INTEGER}, #{valueType,jdbcType=VARCHAR}, #{rateValueDigit,jdbcType=INTEGER}, 
      #{rateValueType,jdbcType=VARCHAR}, #{isHasCompletionRate,jdbcType=CHAR}, #{nodeLevel,jdbcType=INTEGER}, 
      #{orderNum,jdbcType=INTEGER}, #{isOnline,jdbcType=SMALLINT}, #{isDelete,jdbcType=SMALLINT}, 
      #{createdMis,jdbcType=VARCHAR}, #{lastUpdateMis,jdbcType=VARCHAR}, #{createdTime,jdbcType=TIMESTAMP}, 
      #{updateTime,jdbcType=TIMESTAMP}, #{appSource,jdbcType=INTEGER}, #{appId,jdbcType=BIGINT}, 
      #{targetAppType,jdbcType=INTEGER}, #{targetAppId,jdbcType=BIGINT}, #{valueUnit,jdbcType=VARCHAR}, 
      #{rateValueUnit,jdbcType=VARCHAR}, #{ksSeparation,jdbcType=SMALLINT}, #{dimReduce,jdbcType=INTEGER}, 
      #{dimReduceDimId,jdbcType=VARCHAR}, #{dimReduceDimName,jdbcType=VARCHAR}, #{yoyDisplayRule,jdbcType=INTEGER}
      )
  </insert>
  <insert id="insertSelective" parameterType="com.sankuai.tripdatecenter.databp.fenghuang.dao.po.TopicIndicatorPO">
    <!--
      WARNING - @mbg.generated
      This element is automatically generated by MyBatis Generator, do not modify.
      This element was generated on Wed Nov 30 11:48:56 CST 2022.
    -->
    <selectKey keyProperty="id" order="AFTER" resultType="java.lang.Long">
      SELECT LAST_INSERT_ID()
    </selectKey>
    insert into fenghuang_info_topic_indicator
    <trim prefix="(" suffix=")" suffixOverrides=",">
      <if test="curId != null">
        cur_id,
      </if>
      <if test="parentId != null">
        parent_id,
      </if>
      <if test="reportId != null">
        report_id,
      </if>
      <if test="version != null">
        version,
      </if>
      <if test="topicId != null">
        topic_id,
      </if>
      <if test="moduleId != null">
        module_id,
      </if>
      <if test="indicatorId != null">
        indicator_id,
      </if>
      <if test="indicatorAlias != null">
        indicator_alias,
      </if>
      <if test="indicatorTag != null">
        indicator_tag,
      </if>
      <if test="valueDigit != null">
        value_digit,
      </if>
      <if test="valueType != null">
        value_type,
      </if>
      <if test="rateValueDigit != null">
        rate_value_digit,
      </if>
      <if test="rateValueType != null">
        rate_value_type,
      </if>
      <if test="isHasCompletionRate != null">
        is_has_completion_rate,
      </if>
      <if test="nodeLevel != null">
        node_level,
      </if>
      <if test="orderNum != null">
        order_num,
      </if>
      <if test="isOnline != null">
        is_online,
      </if>
      <if test="isDelete != null">
        is_delete,
      </if>
      <if test="createdMis != null">
        created_mis,
      </if>
      <if test="lastUpdateMis != null">
        last_update_mis,
      </if>
      <if test="createdTime != null">
        created_time,
      </if>
      <if test="updateTime != null">
        update_time,
      </if>
      <if test="appSource != null">
        app_source,
      </if>
      <if test="appId != null">
        app_id,
      </if>
      <if test="targetAppType != null">
        target_app_type,
      </if>
      <if test="targetAppId != null">
        target_app_id,
      </if>
      <if test="valueUnit != null">
        value_unit,
      </if>
      <if test="rateValueUnit != null">
        rate_value_unit,
      </if>
      <if test="ksSeparation != null">
        ks_separation,
      </if>
      <if test="dimReduce != null">
        dim_reduce,
      </if>
      <if test="dimReduceDimId != null">
        dim_reduce_dim_id,
      </if>
      <if test="dimReduceDimName != null">
        dim_reduce_dim_name,
      </if>
      <if test="yoyDisplayRule != null">
        yoy_display_rule,
      </if>
    </trim>
    <trim prefix="values (" suffix=")" suffixOverrides=",">
      <if test="curId != null">
        #{curId,jdbcType=BIGINT},
      </if>
      <if test="parentId != null">
        #{parentId,jdbcType=BIGINT},
      </if>
      <if test="reportId != null">
        #{reportId,jdbcType=BIGINT},
      </if>
      <if test="version != null">
        #{version,jdbcType=BIGINT},
      </if>
      <if test="topicId != null">
        #{topicId,jdbcType=BIGINT},
      </if>
      <if test="moduleId != null">
        #{moduleId,jdbcType=BIGINT},
      </if>
      <if test="indicatorId != null">
        #{indicatorId,jdbcType=VARCHAR},
      </if>
      <if test="indicatorAlias != null">
        #{indicatorAlias,jdbcType=VARCHAR},
      </if>
      <if test="indicatorTag != null">
        #{indicatorTag,jdbcType=VARCHAR},
      </if>
      <if test="valueDigit != null">
        #{valueDigit,jdbcType=INTEGER},
      </if>
      <if test="valueType != null">
        #{valueType,jdbcType=VARCHAR},
      </if>
      <if test="rateValueDigit != null">
        #{rateValueDigit,jdbcType=INTEGER},
      </if>
      <if test="rateValueType != null">
        #{rateValueType,jdbcType=VARCHAR},
      </if>
      <if test="isHasCompletionRate != null">
        #{isHasCompletionRate,jdbcType=CHAR},
      </if>
      <if test="nodeLevel != null">
        #{nodeLevel,jdbcType=INTEGER},
      </if>
      <if test="orderNum != null">
        #{orderNum,jdbcType=INTEGER},
      </if>
      <if test="isOnline != null">
        #{isOnline,jdbcType=SMALLINT},
      </if>
      <if test="isDelete != null">
        #{isDelete,jdbcType=SMALLINT},
      </if>
      <if test="createdMis != null">
        #{createdMis,jdbcType=VARCHAR},
      </if>
      <if test="lastUpdateMis != null">
        #{lastUpdateMis,jdbcType=VARCHAR},
      </if>
      <if test="createdTime != null">
        #{createdTime,jdbcType=TIMESTAMP},
      </if>
      <if test="updateTime != null">
        #{updateTime,jdbcType=TIMESTAMP},
      </if>
      <if test="appSource != null">
        #{appSource,jdbcType=INTEGER},
      </if>
      <if test="appId != null">
        #{appId,jdbcType=BIGINT},
      </if>
      <if test="targetAppType != null">
        #{targetAppType,jdbcType=INTEGER},
      </if>
      <if test="targetAppId != null">
        #{targetAppId,jdbcType=BIGINT},
      </if>
      <if test="valueUnit != null">
        #{valueUnit,jdbcType=VARCHAR},
      </if>
      <if test="rateValueUnit != null">
        #{rateValueUnit,jdbcType=VARCHAR},
      </if>
      <if test="ksSeparation != null">
        #{ksSeparation,jdbcType=SMALLINT},
      </if>
      <if test="dimReduce != null">
        #{dimReduce,jdbcType=INTEGER},
      </if>
      <if test="dimReduceDimId != null">
        #{dimReduceDimId,jdbcType=VARCHAR},
      </if>
      <if test="dimReduceDimName != null">
        #{dimReduceDimName,jdbcType=VARCHAR},
      </if>
      <if test="yoyDisplayRule != null">
        #{yoyDisplayRule,jdbcType=INTEGER},
      </if>
    </trim>
  </insert>
  <select id="countByExample" parameterType="com.sankuai.tripdatecenter.databp.fenghuang.dao.po.example.TopicIndicatorPOExample" resultType="java.lang.Long">
    <!--
      WARNING - @mbg.generated
      This element is automatically generated by MyBatis Generator, do not modify.
      This element was generated on Wed Nov 30 11:48:56 CST 2022.
    -->
    select count(*) from fenghuang_info_topic_indicator
    <if test="_parameter != null">
      <include refid="Example_Where_Clause" />
    </if>
  </select>
  <update id="updateByExampleSelective" parameterType="map">
    <!--
      WARNING - @mbg.generated
      This element is automatically generated by MyBatis Generator, do not modify.
      This element was generated on Wed Nov 30 11:48:56 CST 2022.
    -->
    update fenghuang_info_topic_indicator
    <set>
      <if test="record.id != null">
        id = #{record.id,jdbcType=BIGINT},
      </if>
      <if test="record.curId != null">
        cur_id = #{record.curId,jdbcType=BIGINT},
      </if>
      <if test="record.parentId != null">
        parent_id = #{record.parentId,jdbcType=BIGINT},
      </if>
      <if test="record.reportId != null">
        report_id = #{record.reportId,jdbcType=BIGINT},
      </if>
      <if test="record.version != null">
        version = #{record.version,jdbcType=BIGINT},
      </if>
      <if test="record.topicId != null">
        topic_id = #{record.topicId,jdbcType=BIGINT},
      </if>
      <if test="record.moduleId != null">
        module_id = #{record.moduleId,jdbcType=BIGINT},
      </if>
      <if test="record.indicatorId != null">
        indicator_id = #{record.indicatorId,jdbcType=VARCHAR},
      </if>
      <if test="record.indicatorAlias != null">
        indicator_alias = #{record.indicatorAlias,jdbcType=VARCHAR},
      </if>
      <if test="record.indicatorTag != null">
        indicator_tag = #{record.indicatorTag,jdbcType=VARCHAR},
      </if>
      <if test="record.valueDigit != null">
        value_digit = #{record.valueDigit,jdbcType=INTEGER},
      </if>
      <if test="record.valueType != null">
        value_type = #{record.valueType,jdbcType=VARCHAR},
      </if>
      <if test="record.rateValueDigit != null">
        rate_value_digit = #{record.rateValueDigit,jdbcType=INTEGER},
      </if>
      <if test="record.rateValueType != null">
        rate_value_type = #{record.rateValueType,jdbcType=VARCHAR},
      </if>
      <if test="record.isHasCompletionRate != null">
        is_has_completion_rate = #{record.isHasCompletionRate,jdbcType=CHAR},
      </if>
      <if test="record.nodeLevel != null">
        node_level = #{record.nodeLevel,jdbcType=INTEGER},
      </if>
      <if test="record.orderNum != null">
        order_num = #{record.orderNum,jdbcType=INTEGER},
      </if>
      <if test="record.isOnline != null">
        is_online = #{record.isOnline,jdbcType=SMALLINT},
      </if>
      <if test="record.isDelete != null">
        is_delete = #{record.isDelete,jdbcType=SMALLINT},
      </if>
      <if test="record.createdMis != null">
        created_mis = #{record.createdMis,jdbcType=VARCHAR},
      </if>
      <if test="record.lastUpdateMis != null">
        last_update_mis = #{record.lastUpdateMis,jdbcType=VARCHAR},
      </if>
      <if test="record.createdTime != null">
        created_time = #{record.createdTime,jdbcType=TIMESTAMP},
      </if>
      <if test="record.updateTime != null">
        update_time = #{record.updateTime,jdbcType=TIMESTAMP},
      </if>
      <if test="record.appSource != null">
        app_source = #{record.appSource,jdbcType=INTEGER},
      </if>
      <if test="record.appId != null">
        app_id = #{record.appId,jdbcType=BIGINT},
      </if>
      <if test="record.targetAppType != null">
        target_app_type = #{record.targetAppType,jdbcType=INTEGER},
      </if>
      <if test="record.targetAppId != null">
        target_app_id = #{record.targetAppId,jdbcType=BIGINT},
      </if>
      <if test="record.valueUnit != null">
        value_unit = #{record.valueUnit,jdbcType=VARCHAR},
      </if>
      <if test="record.rateValueUnit != null">
        rate_value_unit = #{record.rateValueUnit,jdbcType=VARCHAR},
      </if>
      <if test="record.ksSeparation != null">
        ks_separation = #{record.ksSeparation,jdbcType=SMALLINT},
      </if>
      <if test="record.dimReduce != null">
        dim_reduce = #{record.dimReduce,jdbcType=INTEGER},
      </if>
      <if test="record.dimReduceDimId != null">
        dim_reduce_dim_id = #{record.dimReduceDimId,jdbcType=VARCHAR},
      </if>
      <if test="record.dimReduceDimName != null">
        dim_reduce_dim_name = #{record.dimReduceDimName,jdbcType=VARCHAR},
      </if>
      <if test="record.yoyDisplayRule != null">
        yoy_display_rule = #{record.yoyDisplayRule,jdbcType=INTEGER},
      </if>
    </set>
    <if test="example != null">
      <include refid="Update_By_Example_Where_Clause" />
    </if>
  </update>
  <update id="updateByExample" parameterType="map">
    <!--
      WARNING - @mbg.generated
      This element is automatically generated by MyBatis Generator, do not modify.
      This element was generated on Wed Nov 30 11:48:56 CST 2022.
    -->
    update fenghuang_info_topic_indicator
    set id = #{record.id,jdbcType=BIGINT},
      cur_id = #{record.curId,jdbcType=BIGINT},
      parent_id = #{record.parentId,jdbcType=BIGINT},
      report_id = #{record.reportId,jdbcType=BIGINT},
      version = #{record.version,jdbcType=BIGINT},
      topic_id = #{record.topicId,jdbcType=BIGINT},
      module_id = #{record.moduleId,jdbcType=BIGINT},
      indicator_id = #{record.indicatorId,jdbcType=VARCHAR},
      indicator_alias = #{record.indicatorAlias,jdbcType=VARCHAR},
      indicator_tag = #{record.indicatorTag,jdbcType=VARCHAR},
      value_digit = #{record.valueDigit,jdbcType=INTEGER},
      value_type = #{record.valueType,jdbcType=VARCHAR},
      rate_value_digit = #{record.rateValueDigit,jdbcType=INTEGER},
      rate_value_type = #{record.rateValueType,jdbcType=VARCHAR},
      is_has_completion_rate = #{record.isHasCompletionRate,jdbcType=CHAR},
      node_level = #{record.nodeLevel,jdbcType=INTEGER},
      order_num = #{record.orderNum,jdbcType=INTEGER},
      is_online = #{record.isOnline,jdbcType=SMALLINT},
      is_delete = #{record.isDelete,jdbcType=SMALLINT},
      created_mis = #{record.createdMis,jdbcType=VARCHAR},
      last_update_mis = #{record.lastUpdateMis,jdbcType=VARCHAR},
      created_time = #{record.createdTime,jdbcType=TIMESTAMP},
      update_time = #{record.updateTime,jdbcType=TIMESTAMP},
      app_source = #{record.appSource,jdbcType=INTEGER},
      app_id = #{record.appId,jdbcType=BIGINT},
      target_app_type = #{record.targetAppType,jdbcType=INTEGER},
      target_app_id = #{record.targetAppId,jdbcType=BIGINT},
      value_unit = #{record.valueUnit,jdbcType=VARCHAR},
      rate_value_unit = #{record.rateValueUnit,jdbcType=VARCHAR},
      ks_separation = #{record.ksSeparation,jdbcType=SMALLINT},
      dim_reduce = #{record.dimReduce,jdbcType=INTEGER},
      dim_reduce_dim_id = #{record.dimReduceDimId,jdbcType=VARCHAR},
      dim_reduce_dim_name = #{record.dimReduceDimName,jdbcType=VARCHAR},
      yoy_display_rule = #{record.yoyDisplayRule,jdbcType=INTEGER}
    <if test="example != null">
      <include refid="Update_By_Example_Where_Clause" />
    </if>
  </update>
</mapper>