<?xml version="1.0" encoding="UTF-8"?>
<!DOCTYPE mapper PUBLIC "-//mybatis.org//DTD Mapper 3.0//EN" "http://mybatis.org/dtd/mybatis-3-mapper.dtd">
<mapper namespace="com.sankuai.tripdatecenter.databp.fenghuang.dao.mapper.auto.UploadAppPOMapper">
  <resultMap id="BaseResultMap" type="com.sankuai.tripdatecenter.databp.fenghuang.dao.po.UploadAppPO">
    <!--
      WARNING - @mbg.generated
      This element is automatically generated by MyBatis Generator, do not modify.
      This element was generated on Wed Feb 15 16:42:42 CST 2023.
    -->
    <result column="id" jdbcType="BIGINT" property="id" />
    <result column="app_name" jdbcType="VARCHAR" property="appName" />
    <result column="app_use" jdbcType="VARCHAR" property="appUse" />
    <result column="is_delete" jdbcType="BIGINT" property="isDelete" />
    <result column="create_mis" jdbcType="VARCHAR" property="createMis" />
    <result column="create_name" jdbcType="VARCHAR" property="createName" />
    <result column="create_time" jdbcType="TIMESTAMP" property="createTime" />
    <result column="last_update_mis" jdbcType="VARCHAR" property="lastUpdateMis" />
    <result column="last_update_name" jdbcType="VARCHAR" property="lastUpdateName" />
    <result column="last_update_time" jdbcType="TIMESTAMP" property="lastUpdateTime" />
    <result column="business_id" jdbcType="VARCHAR" property="businessId" />
    <result column="is_online" jdbcType="INTEGER" property="isOnline" />
  </resultMap>
  <sql id="Example_Where_Clause">
    <!--
      WARNING - @mbg.generated
      This element is automatically generated by MyBatis Generator, do not modify.
      This element was generated on Wed Feb 15 16:42:42 CST 2023.
    -->
    <where>
      <foreach collection="oredCriteria" item="criteria" separator="or">
        <if test="criteria.valid">
          <trim prefix="(" prefixOverrides="and" suffix=")">
            <foreach collection="criteria.criteria" item="criterion">
              <choose>
                <when test="criterion.noValue">
                  and ${criterion.condition}
                </when>
                <when test="criterion.singleValue">
                  and ${criterion.condition} #{criterion.value}
                </when>
                <when test="criterion.betweenValue">
                  and ${criterion.condition} #{criterion.value} and #{criterion.secondValue}
                </when>
                <when test="criterion.listValue">
                  and ${criterion.condition}
                  <foreach close=")" collection="criterion.value" item="listItem" open="(" separator=",">
                    #{listItem}
                  </foreach>
                </when>
              </choose>
            </foreach>
          </trim>
        </if>
      </foreach>
    </where>
  </sql>
  <sql id="Update_By_Example_Where_Clause">
    <!--
      WARNING - @mbg.generated
      This element is automatically generated by MyBatis Generator, do not modify.
      This element was generated on Wed Feb 15 16:42:42 CST 2023.
    -->
    <where>
      <foreach collection="example.oredCriteria" item="criteria" separator="or">
        <if test="criteria.valid">
          <trim prefix="(" prefixOverrides="and" suffix=")">
            <foreach collection="criteria.criteria" item="criterion">
              <choose>
                <when test="criterion.noValue">
                  and ${criterion.condition}
                </when>
                <when test="criterion.singleValue">
                  and ${criterion.condition} #{criterion.value}
                </when>
                <when test="criterion.betweenValue">
                  and ${criterion.condition} #{criterion.value} and #{criterion.secondValue}
                </when>
                <when test="criterion.listValue">
                  and ${criterion.condition}
                  <foreach close=")" collection="criterion.value" item="listItem" open="(" separator=",">
                    #{listItem}
                  </foreach>
                </when>
              </choose>
            </foreach>
          </trim>
        </if>
      </foreach>
    </where>
  </sql>
  <sql id="Base_Column_List">
    <!--
      WARNING - @mbg.generated
      This element is automatically generated by MyBatis Generator, do not modify.
      This element was generated on Wed Feb 15 16:42:42 CST 2023.
    -->
    id, app_name, app_use, is_delete, create_mis, create_name, create_time, last_update_mis, 
    last_update_name, last_update_time, business_id, is_online
  </sql>
  <select id="selectByExample" parameterType="com.sankuai.tripdatecenter.databp.fenghuang.dao.po.example.UploadAppPOExample" resultMap="BaseResultMap">
    <!--
      WARNING - @mbg.generated
      This element is automatically generated by MyBatis Generator, do not modify.
      This element was generated on Wed Feb 15 16:42:42 CST 2023.
    -->
    select
    <if test="distinct">
      distinct
    </if>
    <include refid="Base_Column_List" />
    from fh_upload_app
    <if test="_parameter != null">
      <include refid="Example_Where_Clause" />
    </if>
    <if test="orderByClause != null">
      order by ${orderByClause}
    </if>
  </select>
  <delete id="deleteByExample" parameterType="com.sankuai.tripdatecenter.databp.fenghuang.dao.po.example.UploadAppPOExample">
    <!--
      WARNING - @mbg.generated
      This element is automatically generated by MyBatis Generator, do not modify.
      This element was generated on Wed Feb 15 16:42:42 CST 2023.
    -->
    delete from fh_upload_app
    <if test="_parameter != null">
      <include refid="Example_Where_Clause" />
    </if>
  </delete>
  <insert id="insert" parameterType="com.sankuai.tripdatecenter.databp.fenghuang.dao.po.UploadAppPO">
    <!--
      WARNING - @mbg.generated
      This element is automatically generated by MyBatis Generator, do not modify.
      This element was generated on Wed Feb 15 16:42:42 CST 2023.
    -->
    <selectKey keyProperty="id" order="AFTER" resultType="java.lang.Long">
      SELECT LAST_INSERT_ID()
    </selectKey>
    insert into fh_upload_app (app_name, app_use, is_delete, 
      create_mis, create_name, create_time, 
      last_update_mis, last_update_name, last_update_time, 
      business_id, is_online)
    values (#{appName,jdbcType=VARCHAR}, #{appUse,jdbcType=VARCHAR}, #{isDelete,jdbcType=BIGINT}, 
      #{createMis,jdbcType=VARCHAR}, #{createName,jdbcType=VARCHAR}, #{createTime,jdbcType=TIMESTAMP}, 
      #{lastUpdateMis,jdbcType=VARCHAR}, #{lastUpdateName,jdbcType=VARCHAR}, #{lastUpdateTime,jdbcType=TIMESTAMP}, 
      #{businessId,jdbcType=VARCHAR}, #{isOnline,jdbcType=INTEGER})
  </insert>
  <insert id="insertSelective" parameterType="com.sankuai.tripdatecenter.databp.fenghuang.dao.po.UploadAppPO">
    <!--
      WARNING - @mbg.generated
      This element is automatically generated by MyBatis Generator, do not modify.
      This element was generated on Wed Feb 15 16:42:42 CST 2023.
    -->
    <selectKey keyProperty="id" order="AFTER" resultType="java.lang.Long">
      SELECT LAST_INSERT_ID()
    </selectKey>
    insert into fh_upload_app
    <trim prefix="(" suffix=")" suffixOverrides=",">
      <if test="appName != null">
        app_name,
      </if>
      <if test="appUse != null">
        app_use,
      </if>
      <if test="isDelete != null">
        is_delete,
      </if>
      <if test="createMis != null">
        create_mis,
      </if>
      <if test="createName != null">
        create_name,
      </if>
      <if test="createTime != null">
        create_time,
      </if>
      <if test="lastUpdateMis != null">
        last_update_mis,
      </if>
      <if test="lastUpdateName != null">
        last_update_name,
      </if>
      <if test="lastUpdateTime != null">
        last_update_time,
      </if>
      <if test="businessId != null">
        business_id,
      </if>
      <if test="isOnline != null">
        is_online,
      </if>
    </trim>
    <trim prefix="values (" suffix=")" suffixOverrides=",">
      <if test="appName != null">
        #{appName,jdbcType=VARCHAR},
      </if>
      <if test="appUse != null">
        #{appUse,jdbcType=VARCHAR},
      </if>
      <if test="isDelete != null">
        #{isDelete,jdbcType=BIGINT},
      </if>
      <if test="createMis != null">
        #{createMis,jdbcType=VARCHAR},
      </if>
      <if test="createName != null">
        #{createName,jdbcType=VARCHAR},
      </if>
      <if test="createTime != null">
        #{createTime,jdbcType=TIMESTAMP},
      </if>
      <if test="lastUpdateMis != null">
        #{lastUpdateMis,jdbcType=VARCHAR},
      </if>
      <if test="lastUpdateName != null">
        #{lastUpdateName,jdbcType=VARCHAR},
      </if>
      <if test="lastUpdateTime != null">
        #{lastUpdateTime,jdbcType=TIMESTAMP},
      </if>
      <if test="businessId != null">
        #{businessId,jdbcType=VARCHAR},
      </if>
      <if test="isOnline != null">
        #{isOnline,jdbcType=INTEGER},
      </if>
    </trim>
  </insert>
  <select id="countByExample" parameterType="com.sankuai.tripdatecenter.databp.fenghuang.dao.po.example.UploadAppPOExample" resultType="java.lang.Long">
    <!--
      WARNING - @mbg.generated
      This element is automatically generated by MyBatis Generator, do not modify.
      This element was generated on Wed Feb 15 16:42:42 CST 2023.
    -->
    select count(*) from fh_upload_app
    <if test="_parameter != null">
      <include refid="Example_Where_Clause" />
    </if>
  </select>
  <update id="updateByExampleSelective" parameterType="map">
    <!--
      WARNING - @mbg.generated
      This element is automatically generated by MyBatis Generator, do not modify.
      This element was generated on Wed Feb 15 16:42:42 CST 2023.
    -->
    update fh_upload_app
    <set>
      <if test="record.id != null">
        id = #{record.id,jdbcType=BIGINT},
      </if>
      <if test="record.appName != null">
        app_name = #{record.appName,jdbcType=VARCHAR},
      </if>
      <if test="record.appUse != null">
        app_use = #{record.appUse,jdbcType=VARCHAR},
      </if>
      <if test="record.isDelete != null">
        is_delete = #{record.isDelete,jdbcType=BIGINT},
      </if>
      <if test="record.createMis != null">
        create_mis = #{record.createMis,jdbcType=VARCHAR},
      </if>
      <if test="record.createName != null">
        create_name = #{record.createName,jdbcType=VARCHAR},
      </if>
      <if test="record.createTime != null">
        create_time = #{record.createTime,jdbcType=TIMESTAMP},
      </if>
      <if test="record.lastUpdateMis != null">
        last_update_mis = #{record.lastUpdateMis,jdbcType=VARCHAR},
      </if>
      <if test="record.lastUpdateName != null">
        last_update_name = #{record.lastUpdateName,jdbcType=VARCHAR},
      </if>
      <if test="record.lastUpdateTime != null">
        last_update_time = #{record.lastUpdateTime,jdbcType=TIMESTAMP},
      </if>
      <if test="record.businessId != null">
        business_id = #{record.businessId,jdbcType=VARCHAR},
      </if>
      <if test="record.isOnline != null">
        is_online = #{record.isOnline,jdbcType=INTEGER},
      </if>
    </set>
    <if test="example != null">
      <include refid="Update_By_Example_Where_Clause" />
    </if>
  </update>
  <update id="updateByExample" parameterType="map">
    <!--
      WARNING - @mbg.generated
      This element is automatically generated by MyBatis Generator, do not modify.
      This element was generated on Wed Feb 15 16:42:42 CST 2023.
    -->
    update fh_upload_app
    set id = #{record.id,jdbcType=BIGINT},
      app_name = #{record.appName,jdbcType=VARCHAR},
      app_use = #{record.appUse,jdbcType=VARCHAR},
      is_delete = #{record.isDelete,jdbcType=BIGINT},
      create_mis = #{record.createMis,jdbcType=VARCHAR},
      create_name = #{record.createName,jdbcType=VARCHAR},
      create_time = #{record.createTime,jdbcType=TIMESTAMP},
      last_update_mis = #{record.lastUpdateMis,jdbcType=VARCHAR},
      last_update_name = #{record.lastUpdateName,jdbcType=VARCHAR},
      last_update_time = #{record.lastUpdateTime,jdbcType=TIMESTAMP},
      business_id = #{record.businessId,jdbcType=VARCHAR},
      is_online = #{record.isOnline,jdbcType=INTEGER}
    <if test="example != null">
      <include refid="Update_By_Example_Where_Clause" />
    </if>
  </update>
</mapper>