<?xml version="1.0" encoding="UTF-8" ?>
<!DOCTYPE configuration PUBLIC "-//mybatis.org//DTD Config 3.0//EN" "http://mybatis.org/dtd/mybatis-3-config.dtd">
<configuration>
    <settings>
        <setting name="cacheEnabled" value="true"/>
        <setting name="lazyLoadingEnabled" value="false"/>
        <setting name="multipleResultSetsEnabled" value="true"/>
        <setting name="aggressiveLazyLoading" value="true"/>
        <setting name="logImpl" value="LOG4J2" />
<!--        <setting name="logImpl" value="STDOUT_LOGGING" />-->
    </settings>
    <plugins>
        <plugin interceptor="com.dianping.zebra.dao.plugin.page.PageInterceptor">
            <property name="dialectClass" value="com.dianping.zebra.dao.dialect.MySQLDialect"/>
        </plugin>
    </plugins>
</configuration>