<?xml version="1.0" encoding="UTF-8"?>
<beans xmlns="http://www.springframework.org/schema/beans"
  xmlns:xsi="http://www.w3.org/2001/XMLSchema-instance"
  xmlns:rhino="http://code.dianping.com/schema/rhino"
  xmlns:aop="http://www.springframework.org/schema/aop"
  xmlns:context="http://www.springframework.org/schema/context"
  xmlns:mvc="http://www.springframework.org/schema/mvc"
  xsi:schemaLocation="http://www.springframework.org/schema/beans http://www.springframework.org/schema/beans/spring-beans.xsd
        http://code.dianping.com/schema/rhino http://code.dianping.com/schema/rhino/rhino-1.0.xsd
        http://www.springframework.org/schema/context http://www.springframework.org/schema/context/spring-context-4.0.xsd
        http://www.springframework.org/schema/aop http://www.springframework.org/schema/aop/spring-aop.xsd http://www.springframework.org/schema/mvc http://www.springframework.org/schema/mvc/spring-mvc.xsd
        ">

  <bean id="multiSerivcePublisher" class="com.meituan.service.mobile.mtthrift.proxy.ThriftServerPublisher"
    init-method="publish" destroy-method="destroy">
    <property name="appKey" value="${app.name}"/>
    <property name="port" value="${thrift.server.port}"/>
    <property name="serviceProcessorMap"> <!-- 只需配置serviceProcessorMap -->
      <map>
        <entry key="com.sankuai.tripdatecenter.databp.fenghuang.client.config.ExMetadataConfigService" value-ref="exMetadataConfigServiceImplBean"/>
        <entry key="com.sankuai.tripdatecenter.databp.fenghuang.client.config.ExOriginService" value-ref="exOriginServiceImplBean"/>
        <entry key="com.sankuai.tripdatecenter.databp.fenghuang.client.config.ExReportConfigService" value-ref="exReportConfigServiceImplBean"/>
        <entry key="com.sankuai.tripdatecenter.databp.fenghuang.client.config.FhAuthService" value-ref="fhAuthServiceImplBean"/>
        <entry key="com.sankuai.tripdatecenter.databp.fenghuang.client.push.FhMessagePushService" value-ref="fhMessagePushServiceImplBean"/>
        <entry key="com.sankuai.tripdatecenter.databp.fenghuang.client.config.ExMetaExportService" value-ref="exMetaExportServiceImplBean"/>
        <entry key="com.sankuai.tripdatecenter.databp.fenghuang.client.config.FhMetaConfigService" value-ref="fhMetaConfigServiceImplBean"/>
        <entry key="com.sankuai.tripdatecenter.databp.fenghuang.client.config.BusinessLineService" value-ref="businessLineServiceImplBean"/>
        <entry key="com.sankuai.tripdatecenter.databp.fenghuang.client.config.ba.BaReportConfigService" value-ref="baReportConfigServiceImplBean"/>
        <entry key="com.sankuai.tripdatecenter.databp.fenghuang.client.config.FhOrgService" value-ref="fhOrgServiceImplBean"/>
        <entry key="com.sankuai.tripdatecenter.databp.fenghuang.client.config.WutongOrgService" value-ref="wutongOrgServiceImplBean"/>
      </map>
    </property>
    <property name="authHandler" ref="defaultAuthHandler"/>
  </bean>

  <!--鉴权-->
  <bean id="kmsAuthDataSource" class="com.meituan.service.inf.kms.client.KmsAuthDataSource">
    <property name="appkey" value="${app.name}"/>
  </bean>

  <bean id="defaultAuthHandler" class="com.meituan.service.mobile.mtthrift.auth.DefaultAuthHandler">
    <property name="authDataSource" ref="kmsAuthDataSource"/>
  </bean>

  <bean id="exMetadataConfigServiceImplBean" class="com.meituan.service.mobile.mtthrift.proxy.ThriftServiceBean">
    <property name="serviceImpl" ref="exMetadataConfigServiceImpl" />
  </bean>

  <bean id="exOriginServiceImplBean" class="com.meituan.service.mobile.mtthrift.proxy.ThriftServiceBean">
    <property name="serviceImpl" ref="exOriginServiceImpl" />
  </bean>

  <bean id="exReportConfigServiceImplBean" class="com.meituan.service.mobile.mtthrift.proxy.ThriftServiceBean">
    <property name="serviceImpl" ref="exReportConfigServiceImpl" />
  </bean>

  <bean id="fhAuthServiceImplBean" class="com.meituan.service.mobile.mtthrift.proxy.ThriftServiceBean">
    <property name="serviceImpl" ref="fhAuthServiceImpl" />
  </bean>

  <bean id="fhMessagePushServiceImplBean" class="com.meituan.service.mobile.mtthrift.proxy.ThriftServiceBean">
    <property name="serviceImpl" ref="fhMessagePushServiceImpl" />
  </bean>

  <bean id="exMetaExportServiceImplBean" class="com.meituan.service.mobile.mtthrift.proxy.ThriftServiceBean">
    <property name="serviceImpl" ref="exMetaExportServiceImpl" />
  </bean>

  <bean id="fhMetaConfigServiceImplBean" class="com.meituan.service.mobile.mtthrift.proxy.ThriftServiceBean">
    <property name="serviceImpl" ref="fhMetaConfigServiceImpl" />
  </bean>

  <bean id="businessLineServiceImplBean" class="com.meituan.service.mobile.mtthrift.proxy.ThriftServiceBean">
    <property name="serviceImpl" ref="businessLineServiceImpl" />
  </bean>

  <bean id="baReportConfigServiceImplBean" class="com.meituan.service.mobile.mtthrift.proxy.ThriftServiceBean">
    <property name="serviceImpl" ref="baReportConfigServiceImpl" />
  </bean>

  <bean id="fhOrgServiceImplBean" class="com.meituan.service.mobile.mtthrift.proxy.ThriftServiceBean">
    <property name="serviceImpl" ref="fhOrgServiceImpl" />
  </bean>

  <bean id="wutongOrgServiceImplBean" class="com.meituan.service.mobile.mtthrift.proxy.ThriftServiceBean">
    <property name="serviceImpl" ref="wutongOrgServiceImpl" />
  </bean>

</beans>