<?xml version="1.0" encoding="UTF-8"?>
<beans xmlns="http://www.springframework.org/schema/beans"
       xmlns:xsi="http://www.w3.org/2001/XMLSchema-instance"
       xmlns:tx="http://www.springframework.org/schema/tx"
       xmlns:context="http://www.springframework.org/schema/context"
       xmlns:aop="http://www.springframework.org/schema/aop"
  xsi:schemaLocation="http://www.springframework.org/schema/beans
        http://www.springframework.org/schema/beans/spring-beans-3.0.xsd
        http://www.springframework.org/schema/tx http://www.springframework.org/schema/tx/spring-tx-4.0.xsd
	      http://www.springframework.org/schema/context http://www.springframework.org/schema/context/spring-context-3.0.xsd
    http://www.springframework.org/schema/aop http://www.springframework.org/schema/aop/spring-aop.xsd
    ">

    <!--事务管理器 -->
    <bean name="transactionManager" class="org.springframework.jdbc.datasource.DataSourceTransactionManager">
        <property name="dataSource" ref="routingDatasource"/>
    </bean>

    <!-- 使用注解事务，需要添加Transactional注解属性 -->
    <tx:annotation-driven transaction-manager="transactionManager"/>

    <bean id="dataSource_mysql_system" class="com.dianping.zebra.group.jdbc.GroupDataSource" init-method="init" destroy-method="close">
        <property name="jdbcRefMaxInitialCount" value="5"/>
        <property name="jdbcRef" value="${database.sys.jdbcRef}"/>
        <property name="driverClass" value="${database.driverClassName}" />
        <!-- 选填，默认值为"c3p0",还支持"tomcat-jdbc"或者"druid" -->
        <property name="poolType" value="${database.pooltype}" />
        <!-- c3p0的minPoolSize,该值对应tomcat-jdbc或druid的"minIdle" -->
        <property name="minPoolSize" value="5" />
        <!-- c3p0的maxPoolSize,该值对应tomcat-jdbc或druid的"maxActive" -->
        <property name="maxPoolSize" value="30" />
        <!-- c3p0的initialPoolSize,该值对应tomcat-jdbc或druid的"initialSize" -->
        <property name="initialPoolSize" value="5" />
        <!-- c3p0的checkoutTimeout,该值对应tomcat-jdbc或druid的"maxWait" -->
        <property name="checkoutTimeout" value="1000" />
        <property name="maxIdleTime" value="20000" />
        <property name="idleConnectionTestPeriod" value="10000" />
        <property name="acquireRetryAttempts" value="3" />
        <property name="acquireRetryDelay" value="300" />
        <property name="maxStatements" value="0" />
        <property name="maxStatementsPerConnection" value="100" />
        <property name="numHelperThreads" value="6" />
        <property name="maxAdministrativeTaskTime" value="5" />
        <property name="preferredTestQuery" value="SELECT 1" />
        <property name="routerType" value="master-only" /><!-- 只走写库，如需使用请升级到2.8.3版本以上 -->
    </bean>

    <bean id="dataSource_mysql_data_center_data" class="com.dianping.zebra.group.jdbc.GroupDataSource" init-method="init" destroy-method="close">
        <property name="jdbcRefMaxInitialCount" value="5"/>
        <property name="jdbcRef" value="${database.data_center_data.jdbcRef}"/>
        <property name="driverClass" value="${database.driverClassName}" />
        <!-- 选填，默认值为"c3p0",还支持"tomcat-jdbc"或者"druid" -->
        <property name="poolType" value="${database.pooltype}" />
        <!-- c3p0的minPoolSize,该值对应tomcat-jdbc或druid的"minIdle" -->
        <property name="minPoolSize" value="5" />
        <!-- c3p0的maxPoolSize,该值对应tomcat-jdbc或druid的"maxActive" -->
        <property name="maxPoolSize" value="30" />
        <!-- c3p0的initialPoolSize,该值对应tomcat-jdbc或druid的"initialSize" -->
        <property name="initialPoolSize" value="5" />
        <!-- c3p0的checkoutTimeout,该值对应tomcat-jdbc或druid的"maxWait" -->
        <property name="checkoutTimeout" value="1000" />
        <property name="maxIdleTime" value="20000" />
        <property name="idleConnectionTestPeriod" value="10000" />
        <property name="acquireRetryAttempts" value="3" />
        <property name="acquireRetryDelay" value="300" />
        <property name="maxStatements" value="0" />
        <property name="maxStatementsPerConnection" value="100" />
        <property name="numHelperThreads" value="6" />
        <property name="maxAdministrativeTaskTime" value="5" />
        <property name="preferredTestQuery" value="SELECT 1" />
        <property name="routerType" value="master-only" /><!-- 只走写库，如需使用请升级到2.8.3版本以上 -->
    </bean>

    <!---多数据源配置-->
    <bean id="routingDatasource" class="com.dianping.zebra.dao.datasource.ZebraRoutingDataSource">
        <property name="targetDataSources">
            <map key-type="java.lang.String">
                <entry key="mysql_system" value-ref="dataSource_mysql_system"/>
                <entry key="dataSource_mysql_data_center_data" value-ref="dataSource_mysql_data_center_data"/>
            </map>
        </property>
        <property name="defaultTargetDataSource" ref="dataSource_mysql_system"/><!--默认数据源-->
    </bean>

    <bean id="sqlSessionFactory" class="org.mybatis.spring.SqlSessionFactoryBean">
        <property name="dataSource" ref="routingDatasource"/>
        <property name="configLocation" value="classpath:mybatis/mybatis-config.xml" />
        <property name="mapperLocations">
            <list>
                <value>classpath:mapper/auto/*.xml</value>
                <value>classpath:mapper/ext/*.xml</value>
                <value>classpath:mapper/ba/auto/*.xml</value>
                <value>classpath:mapper/ba/ext/*.xml</value>
            </list>
        </property>
    </bean>

    <bean id="mapperScannerConfigurer" class="com.dianping.zebra.dao.mybatis.ZebraMapperScannerConfigurer">
        <property name="basePackage" value="com.sankuai.tripdatecenter.databp.fenghuang.dao.mapper" />
        <!--Optional，Default is 20 -->
        <property name="corePoolSize" value="20"></property>
        <!--Optional，Default is 200-->
        <property name="maxPoolSize" value="200"></property>
        <!--Optional，Default is 500-->
        <property name="queueSize" value="500"></property>
    </bean>


</beans>