<?xml version="1.0" encoding="UTF-8"?>
<!DOCTYPE generatorConfiguration PUBLIC
        "-//mybatis.org//DTD MyBatis Generator Configuration 1.0//EN"
        "http://mybatis.org/dtd/mybatis-generator-config_1_0.dtd">

<generatorConfiguration>
    <context id="MybatisGenerator" targetRuntime="MyBatis3">

        <property name="autoDelimitKeywords" value="true"/>
        <property name="beginningDelimiter" value="`"/>
        <property name="endingDelimiter" value="`"/>

        <plugin type="com.sankuai.sgdata.mybatis.generator.plugins.LombokPlugin"/>

        <commentGenerator type="com.sankuai.sgdata.mybatis.generator.internal.TableCommentGenerator">
            <property name="javaFileEncoding" value="UTF-8"/>
        </commentGenerator>

        <!-- jdbc连接 -->
        <jdbcConnection
                driverClass="com.mysql.jdbc.Driver"
                connectionURL="jdbc:mysql://10.171.167.202:5002/trip_data_center_system?characterEncoding=UTF8"
                userId="test_test"
                password="test_test"
        />

        <!--load targetProject from properties-->
        <javaModelGenerator targetPackage="com.sankuai.tripdatecenter.databp.fenghuang.dao.po.ba"
                            targetProject="src/main/java">
            <property name="enableSubPackages" value="true"/>
            <property name="trimStrings" value="true"/>
            <property name="exampleTargetPackage"
                      value="com.sankuai.tripdatecenter.databp.fenghuang.dao.po.ba.example"/>
        </javaModelGenerator>

        <!-- 生成map xml文件 -->
        <sqlMapGenerator targetPackage="mapper.ba.auto"
                         targetProject="src/main/resources">
            <property name="enableSubPackages" value="true"/>
        </sqlMapGenerator>

        <!--load targetProject from properties-->
        <javaClientGenerator type="XMLMAPPER"
                             targetPackage="com.sankuai.tripdatecenter.databp.fenghuang.dao.mapper.ba.auto"
                             targetProject="src/main/java">
            <property name="enableSubPackages" value="true"/>
        </javaClientGenerator>

        <!-- 示例 -->
        <!--    <table tableName="fenghuang_info_ba_topic_dimension_auth" domainObjectName="BaTopicDimensionAuthPO">-->
        <!--      <generatedKey column="id" sqlStatement="Mysql" identity="true"/>-->
        <!--    </table>-->

        <table tableName="fenghuang_info_ba_topic" domainObjectName="BaTopicPO">
            <generatedKey column="id" sqlStatement="Mysql" identity="true"/>
        </table>

    </context>
</generatorConfiguration>