<?xml version="1.0" encoding="UTF-8"?>
<!DOCTYPE mapper PUBLIC "-//mybatis.org//DTD Mapper 3.0//EN" "http://mybatis.org/dtd/mybatis-3-mapper.dtd">
<mapper namespace="com.sankuai.tripdatecenter.databp.fenghuang.dao.mapper.ext.ComEnumerationPOMapperExt">
  <resultMap id="BaseResultMap" type="com.sankuai.tripdatecenter.databp.fenghuang.dao.po.ext.ComEnumerationExtPO">
    <!--
      WARNING - @mbg.generated
      This element is automatically generated by MyBatis Generator, do not modify.
      This element was generated on Mon Nov 21 15:39:18 CST 2022.
    -->
    <result column="id" jdbcType="BIGINT" property="id" />
    <result column="dimension_id" jdbcType="VARCHAR" property="dimensionId" />
    <result column="dimension_name" jdbcType="VARCHAR" property="dimensionName" />
    <result column="measure_id" jdbcType="VARCHAR" property="measureId" />
    <result column="measure_name" jdbcType="VARCHAR" property="measureName" />
    <result column="father_dimension_id" jdbcType="VARCHAR" property="fatherDimensionId" />
    <result column="father_measure_id" jdbcType="VARCHAR" property="fatherMeasureId" />
    <result column="extra_info" jdbcType="VARCHAR" property="extraInfo" />
  </resultMap>

  <select id="queryEnumByDimensionIds" resultMap="BaseResultMap">
    select
    dimension_id,
    dimension_name,
    measure_id,
    measure_name,
    father_dimension_id,
    father_measure_id
    from
    dim_com_enumeration_value_all
    <if test="dimensionIds != null and dimensionIds.size() > 0">
      where dimension_id in
      <foreach collection="dimensionIds" item="dimensionId" index="index" open="(" close=")" separator=",">
        #{dimensionId}
      </foreach>
    </if>
    order by measure_id asc
  </select>
</mapper>