<?xml version="1.0" encoding="UTF-8"?>
<!DOCTYPE mapper PUBLIC "-//mybatis.org//DTD Mapper 3.0//EN" "http://mybatis.org/dtd/mybatis-3-mapper.dtd">
<mapper namespace="com.sankuai.tripdatecenter.databp.fenghuang.dao.mapper.ext.DataServiceMapperExt">


  <resultMap id="IndicatorResultMap" type="com.sankuai.tripdatecenter.databp.fenghuang.dao.po.IndicatorPO">
    <!--
      WARNING - @mbg.generated
      This element is automatically generated by MyBatis Generator, do not modify.
      This element was generated on Fri Apr 08 17:25:14 CST 2022.
    -->
    <result column="id" jdbcType="BIGINT" property="id" />
    <result column="indicator_id" jdbcType="VARCHAR" property="indicatorId" />
    <result column="version" jdbcType="BIGINT" property="version" />
    <result column="app_id" jdbcType="BIGINT" property="appId" />
    <result column="app_type" jdbcType="CHAR" property="appType" />
    <result column="indicator_code" jdbcType="VARCHAR" property="indicatorCode" />
    <result column="indicator_name" jdbcType="VARCHAR" property="indicatorName" />
    <result column="indicator_type" jdbcType="VARCHAR" property="indicatorType" />
      <result column="org_indicator_id" jdbcType="BIGINT" property="orgIndicatorId" />
    <result column="aggregate_function" jdbcType="VARCHAR" property="aggregateFunction" />
    <result column="indicator_comment" jdbcType="VARCHAR" property="indicatorComment" />
    <result column="is_delete" jdbcType="SMALLINT" property="isDelete" />
    <result column="created_mis" jdbcType="VARCHAR" property="createdMis" />
    <result column="last_update_mis" jdbcType="VARCHAR" property="lastUpdateMis" />
    <result column="created_time" jdbcType="TIMESTAMP" property="createdTime" />
    <result column="update_time" jdbcType="TIMESTAMP" property="updateTime" />
    <result column="indicator_unit" jdbcType="VARCHAR" property="indicatorUnit" />
    <result column="business_id" jdbcType="VARCHAR" property="businessId" />
  </resultMap>

  <resultMap id="TmpAppResultMap" type="com.sankuai.tripdatecenter.databp.fenghuang.dao.po.TmpAppPO">
    <result column="id" jdbcType="BIGINT" property="id" />
    <result column="tmpapp_id" jdbcType="BIGINT" property="tmpappId" />
    <result column="version" jdbcType="BIGINT" property="version" />
    <result column="tmpapp_name" jdbcType="VARCHAR" property="tmpappName" />
    <result column="datasource_id" jdbcType="BIGINT" property="datasourceId" />
    <result column="definition_info" jdbcType="VARCHAR" property="definitionInfo" />
    <result column="use_info" jdbcType="VARCHAR" property="useInfo" />
    <result column="tmpapp_comment" jdbcType="VARCHAR" property="tmpappComment" />
    <result column="sql_template" jdbcType="VARCHAR" property="sqlTemplate" />
    <result column="is_online" jdbcType="SMALLINT" property="isOnline" />
    <result column="is_delete" jdbcType="SMALLINT" property="isDelete" />
    <result column="created_mis" jdbcType="VARCHAR" property="createdMis" />
    <result column="last_update_mis" jdbcType="VARCHAR" property="lastUpdateMis" />
    <result column="created_time" jdbcType="TIMESTAMP" property="createdTime" />
    <result column="update_time" jdbcType="TIMESTAMP" property="updateTime" />
    <result column="table_name" jdbcType="VARCHAR" property="tableName" />
    <result column="tmpapp_type" jdbcType="INTEGER" property="tmpappType" />
  </resultMap>

  <resultMap id="ReportTopicIndicatorInfoExtMap" type="com.sankuai.tripdatecenter.databp.fenghuang.dao.po.ext.ReportTopicIndicatorInfoExtPO">
    <result column="cur_id" jdbcType="BIGINT" property="curId"/>
    <result column="parent_id" jdbcType="BIGINT" property="parentId"/>
    <result column="report_id" jdbcType="BIGINT" property="reportId"/>
    <result column="version" jdbcType="BIGINT" property="version"/>
    <result column="topic_id" jdbcType="BIGINT" property="topicId"/>
    <result column="module_id" jdbcType="BIGINT" property="moduleId"/>
    <result column="module_name" jdbcType="VARCHAR" property="moduleName"/>
    <result column="indicator_id" jdbcType="VARCHAR" property="indicatorId"/>
    <result column="indicator_name" jdbcType="VARCHAR" property="indicatorName"/>
    <result column="indicator_alias" jdbcType="VARCHAR" property="indicatorAlias"/>
    <result column="indicator_tag" jdbcType="VARCHAR" property="indicatorTag"/>
    <result column="value_digit" jdbcType="INTEGER" property="valueDigit"/>
    <result column="value_type" jdbcType="VARCHAR" property="valueType"/>
    <result column="rate_value_digit" jdbcType="INTEGER" property="rateValueDigit"/>
    <result column="rate_value_type" jdbcType="VARCHAR" property="rateValueType"/>
    <result column="is_has_completion_rate" jdbcType="CHAR" property="isHasCompletionRate"/>
    <result column="value_unit" jdbcType="VARCHAR" property="valueUnit"/>
    <result column="rate_value_unit" jdbcType="VARCHAR" property="rateValueUnit"/>
    <result column="ks_separation" jdbcType="SMALLINT" property="ksSeparation"/>
    <result column="app_source" jdbcType="INTEGER" property="appSource" />
    <result column="app_id" jdbcType="BIGINT" property="appId" />
    <result column="target_app_type" jdbcType="INTEGER" property="targetAppType" />
    <result column="target_app_id" jdbcType="BIGINT" property="targetAppId" />
    <result column="node_level" jdbcType="INTEGER" property="nodeLevel" />
    <result column="dim_reduce" jdbcType="INTEGER" property="dimReduce" />
    <result column="dim_reduce_dim_id" jdbcType="VARCHAR" property="dimReduceDimId"/>
    <result column="dim_reduce_dim_name" jdbcType="VARCHAR" property="dimReduceDimName" />
    <result column="yoy_display_rule" jdbcType="INTEGER" property="yoyDisplayRule" />
      <result column="query_strategy" jdbcType="INTEGER" property="queryStrategy"/>

  </resultMap>

  <select id="selectIndicatorInfoByIndicatorId" resultMap="IndicatorResultMap">
       SELECT t1.*
         FROM fenghuang_info_indicator t1
    LEFT JOIN fenghuang_info_tmpapp t2
           on t1.app_id = t2.tmpapp_id
          and t1.version = t2.version
          and t1.business_id = t2.business_id
        where t1.is_delete = 0
          and t2.is_delete = 0
          and t1.app_type  = 2
          and t1.indicator_id = #{indicatorId}
          and t1.business_id = #{businessId}
     union
    SELECT t1.*
      FROM fenghuang_info_indicator t1
     where t1.indicator_id = #{indicatorId}
       and t1.is_delete = 0
       and t1.app_type  = 1
      and t1.business_id = #{businessId}
  </select>

  <select id="selectIndicatorInfoByIndicatorIds" resultMap="IndicatorResultMap">
    SELECT t1.*
    FROM fenghuang_info_indicator t1
    LEFT JOIN fenghuang_info_tmpapp t2
    on t1.app_id = t2.tmpapp_id
    and t1.version = t2.version
    and t1.business_id = t2.business_id
    where t1.is_delete = 0
    and t2.is_delete = 0
    and t1.app_type  = 2
    and t1.business_id = #{businessId}
    and t1.indicator_id in
    <foreach collection="indicatorIds" item="item" open= "(" separator="," close=")">
      #{item}
    </foreach>
    union
    SELECT t1.*
    FROM fenghuang_info_indicator t1
    where t1.indicator_id in
    <foreach collection="indicatorIds" item="item" open= "(" separator="," close=")">
      #{item}
    </foreach>
    and t1.is_delete = 0
    and t1.app_type  = 1
    and t1.business_id = #{businessId}
  </select>

  <select id="selectIndicatorInfoByIndicatorIdsOfOrigin" resultMap="IndicatorResultMap">
    SELECT t1.*
    FROM fenghuang_info_indicator t1
    where t1.indicator_id in
    <foreach collection="indicatorIds" item="item" open= "(" separator="," close=")">
      #{item}
    </foreach>
    and t1.is_delete = 0
    and t1.app_type  = 1
    and t1.business_id = #{businessId}
  </select>

  <select id="selectIndicatorInfoByIndicatorIdsOfTempApp" resultMap="IndicatorResultMap">
    SELECT t1.*
    FROM fenghuang_info_indicator t1
    LEFT JOIN fenghuang_info_tmpapp t2
    on t1.app_id = t2.tmpapp_id
    and t1.version = t2.version
    and t1.business_id = t2.business_id
    where t1.is_delete = 0
    and t2.is_delete = 0
    and t1.app_type  = 2
    and t1.indicator_id in
    <foreach collection="indicatorIds" item="item" open= "(" separator="," close=")">
      #{item}
    </foreach>
    and t1.version = #{version}
    and t1.app_id = #{tempAppId}
    and t1.business_id = #{businessId}
  </select>

    <select id="selectIndicatorInfoByIndicatorIdsOfUploadApp" resultMap="IndicatorResultMap">
        SELECT t1.*
        FROM fenghuang_info_indicator t1
        where t1.is_delete = 0
        and t1.app_type  = 3
        and t1.indicator_id in
        <foreach collection="indicatorIds" item="item" open= "(" separator="," close=")">
            #{item}
        </foreach>
        and t1.business_id = #{businessId}
    </select>

  <select id="selectReportTopicIndicatorInfos" resultMap="ReportTopicIndicatorInfoExtMap">
      SELECT
          a.parent_id ,
          a.cur_id ,
          a.module_id,
          b.module_name,
          a.indicator_id,
          a.indicator_alias as indicator_name,
          a.value_digit,
          a.value_type,
          a.rate_value_digit,
          a.rate_value_type,
          a.value_unit,
          a.rate_value_unit,
          a.ks_separation,
          a.app_source,
          a.app_id,
          a.target_app_type,
          a.target_app_id,
          a.node_level,
          a.is_has_completion_rate,
          a.dim_reduce,
          a.dim_reduce_dim_id,
          a.dim_reduce_dim_name,
          a.yoy_display_rule,
          a.query_strategy
    FROM fenghuang_info_topic_indicator a
    left join fenghuang_info_module b
           on a.module_id = b.module_id
          and a.topic_id = b.topic_id
          and a.report_id = b.report_id
          and a.version = b.version
      where a.report_id = #{reportId}
        and a.version = #{version}
        and a.topic_id = #{topicId}
       <if test="checkedIndicatorIds != null">
         and a.indicator_id in
         <foreach collection="checkedIndicatorIds" item="item" open= "(" separator="," close=")">
           #{item}
         </foreach>
       </if>
        and a.is_delete = 0
        and b.is_delete = 0
        order by a.node_level, a.order_num
  </select>

  <select id="getTmpAppByCondition" resultMap="TmpAppResultMap">
    select *
      from fenghuang_info_tmpapp
     where tmpapp_id = #{tmpAppId}
       and version = #{version}
       and is_delete = 0
       and business_id = #{businessId}
  </select>

  <select id="getIndicatorIdsByReportIdAndTopicId" resultType="java.lang.String">
        SELECT indicator_id
          FROM fenghuang_info_topic_indicator  t1
    inner join fenghuang_info_module t2
            on t1.report_id = t2.report_id
           and t1.version = t2.version
           and t1.module_id = t2.module_id
         where t1.report_id = #{reportId}
           and t2.topic_id = #{topicId}
           and t1.version =  #{version}
           and t1.is_delete = 0
           and t2.is_delete = 0
  </select>

  <select id="checkIndicatorDimensionIdAndEnumValue" resultType="Integer">
      SELECT count(*) as cnt
        FROM fenghuang_relation_indicator_dimension
       where report_id = #{reportId}
         and topic_id = #{topicId}
         and version = #{version}
         and is_delete = 0
         and indicator_id = #{indicatorId}
         and dimension_id = #{dimensionId}
         and dimension_enum_code = #{dimensionEnumValue}
  </select>

</mapper>