<?xml version="1.0" encoding="UTF-8"?>
<!DOCTYPE mapper PUBLIC "-//mybatis.org//DTD Mapper 3.0//EN" "http://mybatis.org/dtd/mybatis-3-mapper.dtd">
<mapper namespace="com.sankuai.tripdatecenter.databp.fenghuang.dao.mapper.ext.DimReduceDimEnumPOMapperExt">
  <resultMap id="BaseResultMap" type="com.sankuai.tripdatecenter.databp.fenghuang.dao.po.DimReduceDimEnumPO">
    <result column="id" jdbcType="BIGINT" property="id" />
    <result column="report_id" jdbcType="BIGINT" property="reportId" />
    <result column="topic_id" jdbcType="BIGINT" property="topicId" />
    <result column="version" jdbcType="BIGINT" property="version" />
    <result column="indicator_id" jdbcType="VARCHAR" property="indicatorId" />
    <result column="dimension_id" jdbcType="VARCHAR" property="dimensionId" />
    <result column="dimension_enum_code" jdbcType="VARCHAR" property="dimensionEnumCode" />
    <result column="dimension_enum_name" jdbcType="VARCHAR" property="dimensionEnumName" />
    <result column="order_num" jdbcType="INTEGER" property="orderNum" />
    <result column="is_delete" jdbcType="SMALLINT" property="isDelete" />
    <result column="created_mis" jdbcType="VARCHAR" property="createdMis" />
    <result column="last_update_mis" jdbcType="VARCHAR" property="lastUpdateMis" />
    <result column="created_time" jdbcType="TIMESTAMP" property="createdTime" />
    <result column="update_time" jdbcType="TIMESTAMP" property="updateTime" />
  </resultMap>

  <delete id="deleteTopicIndicatorDimReduce">
    delete from fenghuang_info_dim_reduce_dim_enum
    where report_id = #{reportId}
       and topic_id = #{topicId}
       and version = #{version}
       and indicator_id = #{indicatorId}
       and is_delete = 0
  </delete>


</mapper>