<?xml version="1.0" encoding="UTF-8"?>
<!DOCTYPE mapper PUBLIC "-//mybatis.org//DTD Mapper 3.0//EN" "http://mybatis.org/dtd/mybatis-3-mapper.dtd">
<mapper namespace="com.sankuai.tripdatecenter.databp.fenghuang.dao.mapper.ext.FhMetaExportMapperExt">

  <resultMap id="indicatorAppResultMap" type="com.sankuai.tripdatecenter.databp.fenghuang.dao.po.ext.IndicatorRelatedAppExtPO">
    <result column="indicator_id" jdbcType="VARCHAR" property="indicatorId" />
    <result column="indicator_code" jdbcType="VARCHAR" property="indicatorCode" />
    <result column="source_system" jdbcType="VARCHAR" property="sourceSystem" />
    <result column="app_id" jdbcType="VARCHAR" property="appId" />
    <result column="app_name" jdbcType="VARCHAR" property="appName" />
    <result column="app_url" jdbcType="VARCHAR" property="appUrl" />
    <result column="report_id" jdbcType="BIGINT" property="reportId" />
    <result column="topic_id" jdbcType="BIGINT" property="topicId" />
  </resultMap>

  <select id="getIndicatorRelatedApp" resultMap="indicatorAppResultMap">
    select
      t1.report_id,
      t1.topic_id,
      null as "indicator_id",
      t4.indicator_code as "indicator_code",
      'fenghuang' as "source_system",
      CONCAT(t1.report_id , "_" , t1.topic_id) as "app_id",
      CONCAT(t2.report_name, "#" , t3.topic_name) as "app_name",
      null as "app_url"
    from
      fenghuang_info_topic_indicator t1
    left join fenghuang_info_report t2
      on t1.report_id = t2.report_id
      and t1.version = t2.version
    left join fenghuang_info_topic t3
      on t1.topic_id = t3.topic_id
    left join fenghuang_info_indicator t4
      on t1.indicator_id= t4.indicator_id
    where
      t4.indicator_code in
    <foreach collection="indicatorCodes" item="indicatorCode" separator="," open="(" close=")">
      #{indicatorCode}
    </foreach>
      and t1.is_delete = 0
      and t2.is_delete = 0
      and t3.is_delete = 0
      and t4.is_delete = 0
      and t2.is_online = 1
    order by t1.report_id , t1.topic_id
  </select>

</mapper>