<?xml version="1.0" encoding="UTF-8"?>
<!DOCTYPE mapper PUBLIC "-//mybatis.org//DTD Mapper 3.0//EN" "http://mybatis.org/dtd/mybatis-3-mapper.dtd">
<mapper namespace="com.sankuai.tripdatecenter.databp.fenghuang.dao.mapper.ext.IndicatorReduceDimPOMapperExt">


    <resultMap id="ResultMap" type="com.sankuai.tripdatecenter.databp.fenghuang.dao.po.ext.IndicatorReduceDimExtPO">
        <!--
          WARNING - @mbg.generated
          This element is automatically generated by MyBatis Generator, do not modify.
          This element was generated on Fri Apr 08 17:25:14 CST 2022.
        -->
        <result column="indicator_id" jdbcType="VARCHAR" property="indicatorId"/>
        <result column="dimension_id" jdbcType="VARCHAR" property="dimensionId"/>
        <result column="dimension_name" jdbcType="VARCHAR" property="dimensionName"/>
        <result column="dimension_enum_code" jdbcType="VARCHAR" property="dimensionEnumCode"/>
        <result column="dimension_enum_name" jdbcType="VARCHAR" property="dimensionEnumName"/>
    </resultMap>

    <select id="selectReduceDimByIndicator" resultMap="ResultMap">
        SELECT config.multi_key as dimension_id,
        config.multi_name as dimension_name,
        dim_eunm.dimension_enum_code as dimension_enum_code,
        dim_eunm.dimension_enum_name as dimension_enum_name
        FROM fenghuang_info_topic_indicator_multi_config config
        left join fenghuang_info_dim_reduce_dim_enum dim_eunm
        on config.topic_id = dim_eunm.topic_id
        and config.indicator_id = dim_eunm.indicator_id
        and config.multi_key = dim_eunm.dimension_id
        where config.topic_id = #{topicId}
        and config.indicator_id = #{indicatorId}
        and config.is_delete = 0
        and dim_eunm.is_delete = 0
    </select>

    <select id="selectReduceDimByTopicId" resultMap="ResultMap">
        SELECT config.indicator_id as indicator_id,
        config.multi_key as dimension_id,
        config.multi_name as dimension_name,
        dim_eunm.dimension_enum_code as dimension_enum_code,
        dim_eunm.dimension_enum_name as dimension_enum_name
        FROM fenghuang_info_topic_indicator_multi_config config
        left join fenghuang_info_dim_reduce_dim_enum dim_eunm
        on config.topic_id = dim_eunm.topic_id
        and config.indicator_id = dim_eunm.indicator_id
        and config.multi_key = dim_eunm.dimension_id
        where config.topic_id = #{topicId}
        and config.is_delete = 0
        and dim_eunm.is_delete = 0
    </select>
    <insert id="batchSaveReduceDimEnums">
        insert into fenghuang_info_dim_reduce_dim_enum
        (
        report_id,
        topic_id,
        version,
        indicator_id,
        dimension_id,
        dimension_enum_code,
        dimension_enum_name,
        order_num,
        is_delete,
        created_mis,
        last_update_mis,
        created_time,
        update_time)
        values
        <foreach collection="enumPOs" separator="," item="item">
            (#{item.reportId},
            #{item.topicId},
            #{item.version},
            #{item.indicatorId},
            #{item.dimensionId},
            #{item.dimensionEnumCode},
            #{item.dimensionEnumName},
            #{item.orderNum},
            #{item.isDelete},
            #{item.createdMis},
            #{item.lastUpdateMis},
            #{item.createdTime},
            #{item.updateTime}
            )
        </foreach>
    </insert>
</mapper>