<?xml version="1.0" encoding="UTF-8"?>
<!DOCTYPE mapper PUBLIC "-//mybatis.org//DTD Mapper 3.0//EN" "http://mybatis.org/dtd/mybatis-3-mapper.dtd">
<mapper namespace="com.sankuai.tripdatecenter.databp.fenghuang.dao.mapper.ext.IndicatorPOMapperExt">

  <resultMap id="indicatorCodeResult" type="java.lang.String" >
    <result column="indicator_code" property="indicatorCode" jdbcType="VARCHAR" />
  </resultMap>

  <resultMap id="indicatorResultMap" type="com.sankuai.tripdatecenter.databp.fenghuang.dao.po.IndicatorPO">
    <!--
      WARNING - @mbg.generated
      This element is automatically generated by MyBatis Generator, do not modify.
      This element was generated on Fri Apr 08 17:25:14 CST 2022.
    -->
    <result column="id" jdbcType="BIGINT" property="id" />
    <result column="indicator_id" jdbcType="VARCHAR" property="indicatorId" />
    <result column="version" jdbcType="BIGINT" property="version" />
    <result column="app_id" jdbcType="BIGINT" property="appId" />
    <result column="app_type" jdbcType="CHAR" property="appType" />
    <result column="indicator_code" jdbcType="VARCHAR" property="indicatorCode" />
    <result column="indicator_name" jdbcType="VARCHAR" property="indicatorName" />
    <result column="indicator_type" jdbcType="VARCHAR" property="indicatorType" />
    <result column="org_indicator_id" jdbcType="VARCHAR" property="orgIndicatorId" />
    <result column="aggregate_function" jdbcType="VARCHAR" property="aggregateFunction" />
    <result column="indicator_comment" jdbcType="VARCHAR" property="indicatorComment" />
    <result column="is_delete" jdbcType="SMALLINT" property="isDelete" />
    <result column="created_mis" jdbcType="VARCHAR" property="createdMis" />
    <result column="last_update_mis" jdbcType="VARCHAR" property="lastUpdateMis" />
    <result column="created_time" jdbcType="TIMESTAMP" property="createdTime" />
    <result column="update_time" jdbcType="TIMESTAMP" property="updateTime" />
    <result column="indicator_unit" jdbcType="VARCHAR" property="indicatorUnit" />
    <result column="businessId" jdbcType="VARCHAR" property="businessId" />
  </resultMap>

  <update id="updateDeleted" >
    update fenghuang_info_indicator set is_delete = 1
    where indicator_id in
    <foreach collection="indicators" item="indicator" separator="," open="(" close=")">
      #{indicator.indicatorId}
    </foreach>
    and app_id = #{appId}
    and version = #{version}
    and business_id = #{businessId}
  </update>

  <select id="selectIndicatorCodeByOnlineApp" resultMap="indicatorCodeResult">
    select indicator_code from fenghuang_info_indicator indicator
    inner join  fenghuang_info_tmpapp app
    on indicator.app_id = app.tmpapp_id
    and indicator.version = app.version
    and indicator.business_id = app.business_id
    where app.is_online = 1
          and app.is_delete = 0
          and app.business_id = #{businessId}
    <!-- 新增版本时 不考虑当前应用-->
    <if test = "appId != null">
          and app.tmpapp_id != #{appId}
    </if>
          and indicator_code in
    <foreach collection="indicators" item="indicator" separator="," open="(" close=")">
      #{indicator.indicatorCode}
    </foreach>
  </select>

  <insert id="insertBatch">
    insert into fenghuang_info_indicator
    (indicator_id,
    version,
    app_id,
    app_type,
    indicator_code,
    indicator_name,
    indicator_type,
    org_indicator_id,
    aggregate_function,
    indicator_comment,
    is_delete,
    created_mis,
    last_update_mis,
    created_time,
    update_time,
    indicator_unit,
    business_id)
    values
    <foreach collection="indicators" separator="," item="item">
      (#{item.indicatorId},
      #{item.version},
      #{item.appId},
      #{item.appType},
      #{item.indicatorCode},
      #{item.indicatorName},
      #{item.indicatorType},
      #{item.orgIndicatorId},
      #{item.aggregateFunction},
      #{item.indicatorComment},
      #{item.isDelete},
      #{item.createdMis},
      #{item.lastUpdateMis},
      #{item.createdTime},
      #{item.updateTime},
      #{item.indicatorUnit},
      #{businessId}
      )
    </foreach>
  </insert>

  <select id="countIndicator" parameterType="com.sankuai.tripdatecenter.databp.fenghuang.common.domain.request.IndicatorRequestParam" resultType="Long">
    select
    count(indicator_id)
    from
    fenghuang_info_indicator indicator
    left join fenghuang_info_tmpapp app
    on app.is_online = 1
    and app.is_delete = 0
    and app.version = indicator.version
    and app.business_id = indicator.business_id
    where (
    indicator.app_id = 0
    or app.tmpapp_id is not null)
    and indicator.is_delete = 0
    and indicator.business_id = #{businessId}
  </select>

  <select id="selectIndicators" resultMap="indicatorResultMap">
    (
    select
    indicator.id as id,
    indicator.indicator_id as indicator_id,
    indicator.version as version,
    indicator.app_id as app_id,
    indicator.app_type as app_type,
    indicator.indicator_code as indicator_code,
    indicator.indicator_name as indicator_name,
    indicator.indicator_type as indicator_type,
    indicator.org_indicator_id as org_indicator_id,
    indicator.aggregate_function as aggregate_function,
    indicator.indicator_comment as indicator_comment,
    indicator.is_delete as is_delete,
    indicator.created_mis as created_mis,
    indicator.last_update_mis as last_update_mis,
    indicator.created_time as created_time,
    indicator.update_time as update_time,
    indicator.indicator_unit as indicatorUnit
    from
    fenghuang_info_indicator indicator
    left join fenghuang_info_tmpapp app
    on app.is_online = 1
    and app.is_delete = 0
    and app.version = indicator.version
    and indicator.business_id = app.business_id
    where (
    indicator.app_id = 0
    or app.tmpapp_id is not null)
    <if test="indicatorCodeOrName != null and indicatorCodeOrName != ''">
      and
      ( indicator.indicator_code like concat('%',#{indicatorCodeOrName,jdbcType=VARCHAR},'%')
      or indicator.indicator_name like concat('%',#{indicatorCodeOrName,jdbcType=VARCHAR},'%')
      )
    </if>
    <if test="appType != null and appId != null" >
      and indicator.app_type = #{appType}
      and indicator.app_id =  #{appId}
    </if>
    <if test="indicatorId != null" >
      and indicator.indicator_id = #{indicatorId}
    </if>
    and indicator.business_id = #{businessId}
    and indicator.is_delete = 0
    )
    union
    (
    select
    indicator.id as id,
    indicator.indicator_id as indicator_id,
    indicator.version as version,
    indicator.app_id as app_id,
    indicator.app_type as app_type,
    indicator.indicator_code as indicator_code,
    indicator.indicator_name as indicator_name,
    indicator.indicator_type as indicator_type,
    indicator.org_indicator_id as org_indicator_id,
    indicator.aggregate_function as aggregate_function,
    indicator.indicator_comment as indicator_comment,
    indicator.is_delete as is_delete,
    indicator.created_mis as created_mis,
    indicator.last_update_mis as last_update_mis,
    indicator.created_time as created_time,
    indicator.update_time as update_time,
    indicator.indicator_unit as indicatorUnit
    from
    fenghuang_info_indicator indicator
    where 1=1
    <if test="indicatorCodeOrName != null and indicatorCodeOrName != ''">
      and
      ( indicator.indicator_code like concat('%',#{indicatorCodeOrName,jdbcType=VARCHAR},'%')
      or indicator.indicator_name like concat('%',#{indicatorCodeOrName,jdbcType=VARCHAR},'%')
      )
    </if>
    <if test="appType != null and appId != null" >
      and indicator.app_type = #{appType}
      and indicator.app_id =  #{appId}
    </if>
    <if test="indicatorId != null" >
      and indicator.indicator_id = #{indicatorId}
    </if>
    and indicator.business_id = #{businessId}
    and indicator.is_delete = 0
    )
    order by id desc
  </select>

  <select id="selectIndicatorsByTmpAppId" resultMap="indicatorResultMap">
    select
    indicator.id as id,
    indicator.indicator_id as indicator_id,
    indicator.version as version,
    indicator.app_id as app_id,
    indicator.app_type as app_type,
    indicator.indicator_code as indicator_code,
    indicator.indicator_name as indicator_name,
    indicator.indicator_type as indicator_type,
    indicator.org_indicator_id as org_indicator_id,
    indicator.aggregate_function as aggregate_function,
    indicator.indicator_comment as indicator_comment,
    indicator.is_delete as is_delete,
    indicator.created_mis as created_mis,
    indicator.last_update_mis as last_update_mis,
    indicator.created_time as created_time,
    indicator.update_time as update_time,
    indicator.indicator_unit as indicatorUnit
    from
    fenghuang_info_indicator indicator
    inner join fenghuang_info_tmpapp app
    on app.tmpapp_id = indicator.app_id
    and app.version = indicator.version
    and indicator.business_id = app.business_id
    where
    app.tmpapp_id = #{tmpAppId}
    and indicator_code in
    <foreach collection="codes" item="code" separator="," open="(" close=")">
      #{code}
    </foreach>
    and app.version = #{version}
    and app.is_delete = 0
    and indicator.is_delete = 0
    and indicator.business_id = #{business_id}
  </select>

  <select id="selectIndicatorsByTopicId" resultMap="indicatorResultMap">
    select
    indicator.id as id,
    indicator.indicator_id as indicator_id,
    indicator.version as version,
    indicator.app_id as app_id,
    indicator.app_type as app_type,
    indicator.indicator_code as indicator_code,
    indicator.indicator_name as indicator_name,
    indicator.indicator_type as indicator_type,
    indicator.org_indicator_id as org_indicator_id,
    indicator.aggregate_function as aggregate_function,
    indicator.indicator_comment as indicator_comment,
    indicator.is_delete as is_delete,
    indicator.created_mis as created_mis,
    indicator.last_update_mis as last_update_mis,
    indicator.created_time as created_time,
    indicator.update_time as update_time,
    indicator.indicator_unit as indicatorUnit
    from
    fenghuang_info_indicator indicator
    inner join fenghuang_info_topic_indicator topic
    on indicator.indicator_id = topic.indicator_id
    where topic.report_id = #{reportId}
    and topic.topic_id = #{topicId}
    and topic.version = #{version}
    and topic.is_delete = 0
    and indicator.is_delete = 0
    and indicator.business_id = #{businessId}
  </select>

  <select id="selectIndicatorsByTopicIdWithoutVersion" resultMap="indicatorResultMap">
    select
    indicator.id as id,
    indicator.indicator_id as indicator_id,
    indicator.version as version,
    indicator.app_id as app_id,
    indicator.app_type as app_type,
    indicator.indicator_code as indicator_code,
    indicator.indicator_name as indicator_name,
    indicator.indicator_type as indicator_type,
    indicator.org_indicator_id as org_indicator_id,
    indicator.aggregate_function as aggregate_function,
    indicator.indicator_comment as indicator_comment,
    indicator.is_delete as is_delete,
    indicator.created_mis as created_mis,
    indicator.last_update_mis as last_update_mis,
    indicator.created_time as created_time,
    indicator.update_time as update_time,
    indicator.indicator_unit as indicatorUnit
    from
    fenghuang_info_indicator indicator
    inner join fenghuang_info_topic_indicator topic
    on indicator.indicator_id = topic.indicator_id
    where topic.report_id = #{reportId}
    and topic.topic_id = #{topicId}
    and topic.is_delete = 0
    and indicator.is_delete = 0
    and indicator.business_id = #{businessId}
  </select>
</mapper>