<?xml version="1.0" encoding="UTF-8"?>
<!DOCTYPE mapper PUBLIC "-//mybatis.org//DTD Mapper 3.0//EN" "http://mybatis.org/dtd/mybatis-3-mapper.dtd">
<mapper namespace="com.sankuai.tripdatecenter.databp.fenghuang.dao.mapper.ext.ModulePOMapperExt">

  <select id="selectMaxOrderNum"  resultType="Integer">
    select max(order_num) from fenghuang_info_module
    where topic_id =#{topicId}
      and version = #{version}
      and is_delete = 0
  </select>

  <update id="updateModuleOrderBatch" >
    <foreach collection="modules" item="module" index="index" open="" close="" separator=";">
      update fenghuang_info_module
      <set>
        order_num=#{module.orderNum}
      </set>
      where module_id = #{module.moduleId}
        and version = #{module.version}
    </foreach>
  </update>
</mapper>