<?xml version="1.0" encoding="UTF-8"?>
<!DOCTYPE mapper PUBLIC "-//mybatis.org//DTD Mapper 3.0//EN" "http://mybatis.org/dtd/mybatis-3-mapper.dtd">
<mapper namespace="com.sankuai.tripdatecenter.databp.fenghuang.dao.mapper.ext.OrgStructurePOMapperExt">
  <resultMap id="OrgResultMap" type="com.sankuai.tripdatecenter.databp.fenghuang.dao.po.ext.OrgAreaExtPO">
    <result column="biz_unit_id" jdbcType="INTEGER" property="bizUnitId" />
    <result column="biz_unit_name" jdbcType="VARCHAR" property="bizUnitName" />
    <result column="region_id" jdbcType="INTEGER" property="regionId" />
    <result column="region_name" jdbcType="VARCHAR" property="regionName" />
    <result column="subregion_id" jdbcType="INTEGER" property="subRegionId" />
    <result column="subregion_name" jdbcType="VARCHAR" property="subRegionName" />
    <result column="city_id" jdbcType="INTEGER" property="cityId" />
    <result column="city_name" jdbcType="VARCHAR" property="cityName" />
    <result column="group_id" jdbcType="INTEGER" property="groupId" />
    <result column="group_name" jdbcType="VARCHAR" property="groupName" />
  </resultMap>
  <resultMap id="TravelDimBdResultMap" type="com.sankuai.tripdatecenter.databp.fenghuang.dao.po.ext.TravelDimBdExtPO">
    <result column="region_id" jdbcType="INTEGER" property="regionId" />
    <result column="region" jdbcType="VARCHAR" property="region" />
    <result column="subregion_id" jdbcType="INTEGER" property="subRegionId" />
    <result column="subregion" jdbcType="VARCHAR" property="subRegion" />
    <result column="group_id" jdbcType="INTEGER" property="groupId" />
    <result column="bd_id" jdbcType="INTEGER" property="bdId" />
    <result column="bd_name" jdbcType="VARCHAR" property="bdName" />
    <result column="login" jdbcType="VARCHAR" property="login" />
  </resultMap>

  <select id="queryAllOrgsWithSKA" resultMap="OrgResultMap" parameterType="com.sankuai.tripdatecenter.databp.fenghuang.dao.po.ext.OrgQueryParamPO">
    select
      region_id,
      region_name,
      subregion_id,
      subregion_name,
      city_id,
      city_name,
      group_id,
      group_name
    from
    rela_city_org_bd_group
    where 1=1
    <if test="param != null and param.regionId != null" >
      and region_id = #{param.regionId}
    </if>
    <if test="param != null and param.subRegionId != null" >
      and subregion_id = #{param.subRegionId}
    </if>
    <if test="param != null and param.groupId != null" >
      and group_id = #{param.groupId}
    </if>
  </select>

  <select id="queryAllOrgsWithoutSKA" resultMap="OrgResultMap" parameterType="com.sankuai.tripdatecenter.databp.fenghuang.dao.po.ext.OrgQueryParamPO">
    select
      biz_unit_id,
      biz_unit_name,
      region_id,
      region_name,
      subregion_id,
      subregion_name,
      city_id,
      city_name,
      group_id,
      group_name
    from
      rela_city_org_leader_group
    where 1 = 1
    <if test="param != null and param.regionId != null" >
      and region_id = #{param.regionId}
    </if>
    <if test="param != null and param.subRegionId != null" >
      and subregion_id = #{param.subRegionId}
    </if>
    <if test="param != null and param.groupId != null" >
      and group_id = #{param.groupId}
    </if>
  </select>

  <select id="queryAllBds" resultMap="TravelDimBdResultMap" parameterType="com.sankuai.tripdatecenter.databp.fenghuang.dao.po.ext.BdQueryParamPO">
    select
      region_id,
      region,
      subregion_id,
      subregion,
      group_id,
      bd_id,
      bd_name,
      login
    from
      travel_dim_bd
    where
      level in (4,6,7,8,9)
      and left_date = 'NULL'
      and department_id = 1943
    <if test="param != null and param.bdId != null" >
      and bd_id = #{param.bdId}
    </if>
    <if test="param != null and param.login != null" >
      and login = #{param.login}
    </if>
  </select>

  <select id="queryAllNotBds" resultMap="TravelDimBdResultMap" parameterType="com.sankuai.tripdatecenter.databp.fenghuang.dao.po.ext.BdQueryParamPO">
    select
    region_id,
    region,
    subregion_id,
    subregion,
    group_id,
    bd_id,
    bd_name,
    login
    from
    travel_dim_bd
    where
    level in (1,2,3)
    and left_date = 'NULL'
    and department_id = 1943
    <if test="param != null and param.bdId != null" >
      and bd_id = #{param.bdId}
    </if>
    <if test="param != null and param.login != null" >
      and login = #{param.login}
    </if>
  </select>

  <select id="queryAllUsers" resultMap="TravelDimBdResultMap" parameterType="com.sankuai.tripdatecenter.databp.fenghuang.dao.po.ext.BdQueryParamPO">
    select
    region_id,
    region,
    subregion_id,
    subregion,
    group_id,
    bd_id,
    bd_name,
    login
    from
    travel_dim_bd
    where
        left_date = 'NULL'
    and department_id = 1943
    <if test="param != null and param.bdId != null" >
      and bd_id = #{param.bdId}
    </if>
    <if test="param != null and param.login != null" >
      and login = #{param.login}
    </if>
  </select>

</mapper>