<?xml version="1.0" encoding="UTF-8"?>
<!DOCTYPE mapper PUBLIC "-//mybatis.org//DTD Mapper 3.0//EN" "http://mybatis.org/dtd/mybatis-3-mapper.dtd">
<mapper namespace="com.sankuai.tripdatecenter.databp.fenghuang.dao.mapper.ext.ReportPOMapperExt">

  <resultMap id="BaseResultMap" type="com.sankuai.tripdatecenter.databp.fenghuang.dao.po.ReportPO">
    <!--
      WARNING - @mbg.generated
      This element is automatically generated by MyBatis Generator, do not modify.
      This element was generated on Mon Mar 27 11:31:52 CST 2023.
    -->
    <result column="id" jdbcType="BIGINT" property="id" />
    <result column="report_id" jdbcType="BIGINT" property="reportId" />
    <result column="version" jdbcType="BIGINT" property="version" />
    <result column="report_type" jdbcType="SMALLINT" property="reportType" />
    <result column="report_name" jdbcType="VARCHAR" property="reportName" />
    <result column="report_desc" jdbcType="VARCHAR" property="reportDesc" />
    <result column="is_online" jdbcType="SMALLINT" property="isOnline" />
    <result column="is_delete" jdbcType="SMALLINT" property="isDelete" />
    <result column="created_mis" jdbcType="VARCHAR" property="createdMis" />
    <result column="last_update_mis" jdbcType="VARCHAR" property="lastUpdateMis" />
    <result column="created_time" jdbcType="TIMESTAMP" property="createdTime" />
    <result column="update_time" jdbcType="TIMESTAMP" property="updateTime" />
    <result column="business_id" jdbcType="VARCHAR" property="businessId" />
    <result column="assist_admin" jdbcType="VARCHAR" property="assistAdmin" />
    <result column="ext_info" jdbcType="LONGVARCHAR" property="extInfo" />
    <result column="is_auth" jdbcType="SMALLINT" property="isAuth" />
  </resultMap>

  <select id="selectMaxReportVersion"  resultType="Long">
    select max(version) from fenghuang_info_report
    where report_id = #{reportId}
    and is_delete = 0
    and business_id = #{businessId}
  </select>

  <select id="select4List" parameterType="com.sankuai.tripdatecenter.databp.fenghuang.dao.po.ext.ReportParamPO" resultMap="BaseResultMap">
    <!--
      WARNING - @mbg.generated
      This element is automatically generated by MyBatis Generator, do not modify.
      This element was generated on Mon Mar 27 11:31:52 CST 2023.
    -->
    select
      id, report_id, version, report_type,is_auth,
      report_name, report_desc, is_online, is_delete,
      created_mis, last_update_mis, created_time, update_time,
      business_id, assist_admin, ext_info
    from fenghuang_info_report t1
    where t1.is_delete = 0
    and report_type = 1
    <if test="createdMis != null" >
      and t1.created_mis = #{createdMis}
    </if>
    <if test="reportId != null" >
      and t1.report_id = #{reportId}
    </if>
    <if test="version != null" >
      and t1.version = #{version}
    </if>
    <if test="reportName != null" >
      and t1.report_name like CONCAT('%', #{reportName} , '%')
    </if>
    <if test="isOnline != null" >
      and t1.is_online = #{isOnline}
    </if>
    <if test="businessId != null" >
      and t1.business_id = #{businessId}
    </if>
    <if test="relatedMis != null" >
      and (t1.created_mis = #{relatedMis} or t1.assist_admin like CONCAT('%;', #{relatedMis} , ';%'))
    </if>
    order by t1.id desc
  </select>
</mapper>