<?xml version="1.0" encoding="UTF-8"?>
<!DOCTYPE mapper PUBLIC "-//mybatis.org//DTD Mapper 3.0//EN" "http://mybatis.org/dtd/mybatis-3-mapper.dtd">
<mapper namespace="com.sankuai.tripdatecenter.databp.fenghuang.dao.mapper.ext.TemplatePOMapperExt">


    <resultMap id="BaseResultMap" type="com.sankuai.tripdatecenter.databp.fenghuang.dao.po.TemplatePO">
        <!--
          WARNING - @mbg.generated
          This element is automatically generated by MyBatis Generator, do not modify.
          This element was generated on Tue Feb 28 17:59:12 CST 2023.
        -->
        <result column="id" jdbcType="BIGINT" property="id"/>
        <result column="template_id" jdbcType="BIGINT" property="templateId"/>
        <result column="template_code" jdbcType="VARCHAR" property="templateCode"/>
        <result column="template_name" jdbcType="VARCHAR" property="templateName"/>
        <result column="template_type" jdbcType="VARCHAR" property="templateType"/>
        <result column="is_online" jdbcType="SMALLINT" property="isOnline"/>
        <result column="is_delete" jdbcType="SMALLINT" property="isDelete"/>
        <result column="created_mis" jdbcType="VARCHAR" property="createdMis"/>
        <result column="last_update_mis" jdbcType="VARCHAR" property="lastUpdateMis"/>
        <result column="created_time" jdbcType="TIMESTAMP" property="createdTime"/>
        <result column="update_time" jdbcType="TIMESTAMP" property="updateTime"/>
    </resultMap>

    <select id="getTemplateByTopicId" resultMap="BaseResultMap">
        select tem.id,
        template_id,
        template_code,
        template_name,
        tem.template_type as template_type
        from fenghuang_info_template tem
        left join fenghuang_info_topic top
        on tem.template_code = top.template_type
        where topic_id = #{topicId}
    </select>


</mapper>