<?xml version="1.0" encoding="UTF-8"?>
<!DOCTYPE mapper PUBLIC "-//mybatis.org//DTD Mapper 3.0//EN" "http://mybatis.org/dtd/mybatis-3-mapper.dtd">
<mapper namespace="com.sankuai.tripdatecenter.databp.fenghuang.dao.mapper.ext.TmpAppPOMapperExt">
  <resultMap id="BaseResultMap" type="com.sankuai.tripdatecenter.databp.fenghuang.dao.po.ext.TmpAppExtPO">
    <result column="id" jdbcType="BIGINT" property="id" />
    <result column="tmpapp_id" jdbcType="BIGINT" property="tmpappId" />
    <result column="version" jdbcType="BIGINT" property="version" />
    <result column="tmpapp_name" jdbcType="VARCHAR" property="tmpappName" />
    <result column="datasource_id" jdbcType="BIGINT" property="datasourceId" />
    <result column="datasource_name" jdbcType="VARCHAR" property="datasourceName" />
    <result column="datasource_type" jdbcType="VARCHAR" property="datasourceType" />
    <result column="definition_info" jdbcType="VARCHAR" property="definitionInfo" />
    <result column="use_info" jdbcType="VARCHAR" property="useInfo" />
    <result column="tmpapp_comment" jdbcType="VARCHAR" property="tmpappComment" />
    <result column="sql_template" jdbcType="VARCHAR" property="sqlTemplate" />
    <result column="is_online" jdbcType="SMALLINT" property="isOnline" />
    <result column="is_delete" jdbcType="SMALLINT" property="isDelete" />
    <result column="created_mis" jdbcType="VARCHAR" property="createdMis" />
    <result column="last_update_mis" jdbcType="VARCHAR" property="lastUpdateMis" />
    <result column="created_time" jdbcType="TIMESTAMP" property="createdTime" />
    <result column="update_time" jdbcType="TIMESTAMP" property="updateTime" />
    <result column="table_name" jdbcType="VARCHAR" property="tableName" />
    <result column="tmpapp_type" jdbcType="INTEGER" property="tmpappType" />
    <result column="business_id" jdbcType="VARCHAR" property="businessId" />
  </resultMap>

  <select id="selectTmpApp" parameterType="com.sankuai.tripdatecenter.databp.fenghuang.common.domain.request.TmpAppRequerstParam" resultMap="BaseResultMap">
    select
    app.id as id,
    app.tmpapp_id as tmpapp_id,
    app.version as version,
    app.tmpapp_name as tmpapp_name,
    app.datasource_id as datasource_id,
    app.definition_info as definition_info,
    app.use_info as use_info,
    app.tmpapp_comment as tmpapp_comment,
    app.sql_template as sql_template,
    app.is_online as is_online,
    app.created_mis as created_mis,
    app.last_update_mis as last_update_mis,
    app.created_time as created_time,
    app.update_time as update_time,
    dsn.datasource_name as datasource_name,
    dsn.datasource_type as datasource_type,
    app.tmpapp_type as tmpappType,
    app.table_name as tableName
    from
    fenghuang_info_tmpapp app
    left join fenghuang_info_datasource dsn
    on app.datasource_id = dsn.datasource_id
    and app.business_id = dsn.business_id
    where app.is_delete = 0
    and app.business_id = #{param.businessId}
    <if test="param.tmpAppId != null">
      and app.tmpapp_id = #{param.tmpAppId}
    </if>
    <if test="param.tmpAppName != null">
      and app.tmpapp_name like #{param.tmpAppName}
    </if>
    <if test="param.isOnline != null">
      and app.is_online = #{param.isOnline}
    </if>
    <if test="param.tmpDataSourceType != null">
      and dsn.datasource_type = #{param.tmpDataSourceType}
    </if>
    <if test="param.tmpDataSourceName != null">
      and dsn.datasource_name = #{param.tmpDataSourceName}
    </if>
    order by id desc
  </select>

  <select id="countTmpApp" parameterType="com.sankuai.tripdatecenter.databp.fenghuang.common.domain.request.TmpAppRequerstParam" resultType="Long">
    select
    count(app.id) as total
    from
    fenghuang_info_tmpapp app
    left join fenghuang_info_datasource dsn
    on app.datasource_id = dsn.datasource_id
    and app.business_id = dsn.business_id
    where app.is_delete = 0
    and app.business_id = #{param.businessId}
    <if test="param.tmpAppId != null">
      and app.tmpapp_id = #{param.tmpAppId}
    </if>
    <if test="param.tmpAppName != null">
      and app.tmpapp_name like #{param.tmpAppName}
    </if>
    <if test="param.isOnline != null">
      and app.is_online = #{param.isOnline}
    </if>
    <if test="param.tmpDataSourceType != null">
      and dsn.datasource_type = #{param.tmpDataSourceType}
    </if>
    <if test="param.tmpDataSourceName != null">
      and dsn.datasource_name = #{param.tmpDataSourceName}
    </if>
  </select>

  <select id="selectTmpAppByAppIdAndVersion" resultMap="BaseResultMap">
    select
    app.id as id,
    app.tmpapp_id as tmpapp_id,
    app.version as version,
    app.tmpapp_name as tmpapp_name,
    app.datasource_id as datasource_id,
    app.definition_info as definition_info,
    app.use_info as use_info,
    app.tmpapp_comment as tmpapp_comment,
    app.sql_template as sql_template,
    app.is_online as is_online,
    app.created_mis as created_mis,
    app.last_update_mis as last_update_mis,
    app.created_time as created_time,
    app.update_time as update_time,
    dsn.datasource_name as datasource_name,
    dsn.datasource_type as datasource_type,
    app.tmpapp_type as tmpappType,
    app.table_name as tableName
    from
    fenghuang_info_tmpapp app
    left join fenghuang_info_datasource dsn
    on app.datasource_id = dsn.datasource_id
    and app.business_id = dsn.business_id
    where app.is_delete = 0
    and app.business_id = #{businessId}
    <if test="tmpAppId != null">
      and app.tmpapp_id = #{tmpAppId}
    </if>
    <if test="version != null">
      and app.version = #{version}
    </if>
    <if test="version == null">
      and app.is_online = 1
    </if>
  </select>

  <select id="selectMaxTmpAppVersion"  resultType="Long">
    select max(version) from fenghuang_info_tmpapp
    where tmpapp_id = #{tmpAppId}
    and app.business_id = #{businessId}
  </select>
</mapper>