<?xml version="1.0" encoding="UTF-8"?>
<!DOCTYPE mapper PUBLIC "-//mybatis.org//DTD Mapper 3.0//EN" "http://mybatis.org/dtd/mybatis-3-mapper.dtd">
<mapper namespace="com.sankuai.tripdatecenter.databp.fenghuang.dao.mapper.ext.TopicDimensionPOMapperExt">

  <resultMap id="BaseResultMap" type="com.sankuai.tripdatecenter.databp.fenghuang.dao.po.ext.TopicDimensionExtPO">
    <!--
      WARNING - @mbg.generated
      This element is automatically generated by MyBatis Generator, do not modify.
      This element was generated on Thu Apr 21 19:55:27 CST 2022.
    -->
    <result column="id" jdbcType="BIGINT" property="id" />
    <result column="dimension_id" jdbcType="VARCHAR" property="dimensionId" />
    <result column="dimension_name" jdbcType="VARCHAR" property="dimensionName" />
    <result column="dimension_alias" jdbcType="VARCHAR" property="dimensionAlias" />
    <result column="report_id" jdbcType="BIGINT" property="reportId" />
    <result column="version" jdbcType="BIGINT" property="version" />
    <result column="topic_id" jdbcType="BIGINT" property="topicId" />
    <result column="order_num" jdbcType="INTEGER" property="orderNum" />
    <result column="comp_type" jdbcType="VARCHAR" property="compType" />
    <result column="is_delete" jdbcType="SMALLINT" property="isDelete" />
    <result column="created_mis" jdbcType="VARCHAR" property="createdMis" />
    <result column="last_update_mis" jdbcType="VARCHAR" property="lastUpdateMis" />
    <result column="created_time" jdbcType="TIMESTAMP" property="createdTime" />
    <result column="update_time" jdbcType="TIMESTAMP" property="updateTime" />
    <result column="dimension_enum_code" jdbcType="VARCHAR" property="dimensionEnumCode" />
    <result column="dimension_enum_name" jdbcType="VARCHAR" property="dimensionEnumName" />
  </resultMap>

  <select id="selectMaxOrderNum"  resultType="Integer">
    select max(order_num) from fenghuang_info_topic_dimension
    where report_id =#{reportId}
      and topic_id =#{topicId}
      and version = #{version}
      and is_delete = 0
  </select>

  <update id="batchUpdateTopicDimensionOrder" >
    <foreach collection="topicDimensions" item="topicDimension" index="index" open="" close="" separator=";">
      update fenghuang_info_topic_dimension
      <set>
        order_num=#{topicDimension.orderNum}
      </set>
      where report_id = #{topicDimension.reportId}
        and topic_id = #{topicDimension.topicId}
        and dimension_id = #{topicDimension.dimensionId}
        and version = #{topicDimension.version}
    </foreach>
  </update>

  <select id="selectListByTopicId" resultMap="BaseResultMap">
    SELECT topic_dimension.id as id,
    topic_dimension.dimension_id as dimension_id,
    topic_dimension.comp_type as comp_type,
    topic_dimension.dimension_alias as dimension_alias,
    dimension.dimension_name as dimension_name,
    topic_dimension.report_id as report_id,
    topic_dimension.version as version,
    topic_dimension.topic_id as topic_id,
    topic_dimension.order_num as order_num,
    topic_dimension.is_delete as is_delete,
    topic_dimension.created_mis as created_mis,
    topic_dimension.last_update_mis as last_update_mis,
    topic_dimension.created_time as created_time,
    topic_dimension.update_time as update_time
    FROM fenghuang_info_topic_dimension topic_dimension
    left join (
    select dimension.dimension_id as dimension_id,
    dimension.dimension_name as dimension_name
    from fenghuang_info_dimension dimension
    inner join fenghuang_info_tmpapp tmpapp
    on dimension.app_id = tmpapp.tmpapp_id
    and dimension.version = tmpapp.version
    and tmpapp.is_online = 1
    and dimension.business_id = tmpapp.business_id
    )dimension
    on topic_dimension.dimension_id = dimension.dimension_id
    where report_id = #{reportId}
    and topic_id = #{topicId}
    and version = #{version}
    and is_delete = 0
    order by order_num asc
  </select>

  <select id="selectEnumListByTopicId" resultMap="BaseResultMap">
    select dimension.dimension_id as dimension_id,
    dimension.report_id as report_id,
    dimension.`version` as `version`,
    dimension.topic_id as topic_id,
    dimension.comp_type as comp_type,
    dimension.dimension_alias as dimension_alias,
    dimension.last_update_mis as last_update_mis,
    en.dimension_enum_code as dimension_enum_code,
    en.dimension_enum_name as dimension_enum_name
    from fenghuang_info_topic_dimension dimension
    left join fenghuang_info_topic_dimension_enum en
    on dimension.report_id = en.report_id
    and dimension.topic_id = en.topic_id
    and dimension.dimension_id = en.dimension_id
    and dimension.version = en.version
    where dimension.report_id = #{reportId}
    and dimension.topic_id = #{topicId}
    and dimension.dimension_id = #{dimensionId}
    and dimension.version = #{version}
    and dimension.is_delete = 0
  </select>

  <insert id="insertBatch">
    insert into fenghuang_info_topic_dimension
    (dimension_id,
    dimension_alias,
    report_id,
    version,
    topic_id,
    order_num,
    is_delete,
    created_mis,
    last_update_mis,
    created_time,
    update_time)
    values
    <foreach collection="topicDimensions" separator="," item="item">
      (#{item.dimensionId},
      #{item.dimensionAlias},
      #{item.reportId},
      #{item.version},
      #{item.topicId},
      #{item.orderNum},
      #{item.isDelete},
      #{item.createdMis},
      #{item.lastUpdateMis},
      #{item.createdTime},
      #{item.updateTime}
      )
    </foreach>
  </insert>

</mapper>