<?xml version="1.0" encoding="UTF-8"?>
<!DOCTYPE mapper PUBLIC "-//mybatis.org//DTD Mapper 3.0//EN" "http://mybatis.org/dtd/mybatis-3-mapper.dtd">
<mapper namespace="com.sankuai.tripdatecenter.databp.fenghuang.dao.mapper.ext.TopicPOMapperExt">

  <select id="selectMaxOrderNum"  resultType="Integer">
    select max(order_num) from fenghuang_info_topic
    where report_id =#{reportId}
      and version = #{version}
      and is_delete = 0
  </select>

  <update id="batchUpdateTopicOrderBatch" >
    <foreach collection="topics" item="topic" index="index" open="" close="" separator=";">
      update fenghuang_info_topic
      <set>
        order_num=#{topic.orderNum}
      </set>
      where topic_id = #{topic.topicId}
        and version = #{topic.version}
        and business_id = #{topic.businessId}
    </foreach>
  </update>
</mapper>