<?xml version="1.0" encoding="UTF-8"?>
<!DOCTYPE mapper PUBLIC "-//mybatis.org//DTD Mapper 3.0//EN" "http://mybatis.org/dtd/mybatis-3-mapper.dtd">
<mapper namespace="com.sankuai.tripdatecenter.databp.fenghuang.dao.mapper.ext.TopicIndicatorPOMapperExt">

    <resultMap id="indicatorCodeResult" type="java.lang.String">
        <result column="indicator_code" property="indicatorCode" jdbcType="VARCHAR"/>
    </resultMap>

    <resultMap id="indicatorResultMap"
               type="com.sankuai.tripdatecenter.databp.fenghuang.dao.po.ext.TopicIndicatorExtPO">
        <result column="id" jdbcType="BIGINT" property="id"/>
        <result column="cur_id" jdbcType="BIGINT" property="curId"/>
        <result column="parent_id" jdbcType="BIGINT" property="parentId"/>
        <result column="report_id" jdbcType="BIGINT" property="reportId"/>
        <result column="version" jdbcType="BIGINT" property="version"/>
        <result column="topic_id" jdbcType="BIGINT" property="topicId"/>
        <result column="module_id" jdbcType="BIGINT" property="moduleId"/>
        <result column="indicator_id" jdbcType="VARCHAR" property="indicatorId"/>
        <result column="indicator_name" jdbcType="VARCHAR" property="indicatorName"/>
        <result column="indicator_alias" jdbcType="VARCHAR" property="indicatorAlias"/>
        <result column="indicator_tag" jdbcType="VARCHAR" property="indicatorTag"/>
        <result column="value_digit" jdbcType="INTEGER" property="valueDigit"/>
        <result column="value_type" jdbcType="VARCHAR" property="valueType"/>
        <result column="rate_value_digit" jdbcType="INTEGER" property="rateValueDigit"/>
        <result column="rate_value_type" jdbcType="VARCHAR" property="rateValueType"/>
        <result column="is_has_completion_rate" jdbcType="CHAR" property="isHasCompletionRate"/>
        <result column="node_level" jdbcType="INTEGER" property="nodeLevel"/>
        <result column="order_num" jdbcType="INTEGER" property="orderNum"/>
        <result column="is_online" jdbcType="SMALLINT" property="isOnline"/>
        <result column="is_delete" jdbcType="SMALLINT" property="isDelete"/>
        <result column="created_mis" jdbcType="VARCHAR" property="createdMis"/>
        <result column="last_update_mis" jdbcType="VARCHAR" property="lastUpdateMis"/>
        <result column="created_time" jdbcType="TIMESTAMP" property="createdTime"/>
        <result column="update_time" jdbcType="TIMESTAMP" property="updateTime"/>
        <result column="app_source" jdbcType="INTEGER" property="appSource"/>
        <result column="app_id" jdbcType="INTEGER" property="appId"/>
        <result column="target_app_type" jdbcType="INTEGER" property="targetAppType" />
        <result column="target_app_id" jdbcType="BIGINT" property="targetAppId" />
        <result column="value_unit" jdbcType="VARCHAR" property="valueUnit" />
        <result column="rate_value_unit" jdbcType="VARCHAR" property="rateValueUnit" />
        <result column="ks_separation" jdbcType="SMALLINT" property="ksSeparation"/>
        <result column="dim_reduce" jdbcType="INTEGER" property="dimReduce" />
        <result column="dim_reduce_dim_id" jdbcType="VARCHAR" property="dimReduceDimId"/>
        <result column="dim_reduce_dim_name" jdbcType="VARCHAR" property="dimReduceDimName"/>
        <result column="yoy_display_rule" jdbcType="INTEGER" property="yoyDisplayRule" />
    </resultMap>

    <select id="selectIndicatorsByRTMIIds" resultMap="indicatorResultMap">
        select fiti.id,
               fiti.cur_id,
               fiti.parent_id,
               fiti.report_id,
               fiti.version,
               fiti.topic_id,
               fiti.module_id,
               fiti.indicator_id,
               null as indicator_name,
               fiti.indicator_alias,
               fiti.indicator_tag,
               fiti.value_digit,
               fiti.value_type,
               fiti.rate_value_digit,
               fiti.rate_value_type,
               fiti.is_has_completion_rate,
               fiti.node_level,
               fiti.order_num,
               fiti.is_online,
               fiti.is_delete,
               fiti.created_mis,
               fiti.last_update_mis,
               fiti.created_time,
               fiti.update_time,
               fiti.app_source,
               fiti.app_id,
               fiti.target_app_type,
               fiti.target_app_id,
               fiti.value_unit,
               fiti.rate_value_unit,
               fiti.ks_separation,
               fiti.dim_reduce,
               fiti.dim_reduce_dim_id,
               fiti.dim_reduce_dim_name,
               fiti.yoy_display_rule
        from fenghuang_info_topic_indicator fiti
        where fiti.module_id = #{moduleId}
         and  fiti.report_id = #{reportId}
         and  fiti.version = #{version}
         and  fiti.is_delete = 0
        order by node_level, order_num asc
    </select>

    <select id="selectTopicIndicatorsDuplicate" resultType="String">
    select t.indicator_id
      from fenghuang_info_topic_indicator t
      where t.report_id = #{reportId}
        and t.topic_id = #{topicId}
        and t.version = #{version}
        and t.is_delete = 0
      group by t.report_id, t.topic_id, t.version, t.indicator_id
      having count(t.indicator_id) > 1
    </select>

    <insert id="insertBatch">
        insert into fenghuang_info_topic_indicator
        (cur_id,
        parent_id,
        report_id,
        version,
        topic_id,
        module_id,
        indicator_id,
        order_num,
        is_online,
        is_delete,
        created_mis,
        last_update_mis,
        created_time,
        update_time)
        values
        <foreach collection="topicIndicators" separator="," item="item">
            (#{item.curId},
            #{item.parentId},
            #{item.reportId},
            #{item.version},
            #{item.topicId},
            #{item.moduleId},
            #{item.indicatorId},
            #{item.orderNum},
            #{item.isOnline},
            #{item.isDelete},
            #{item.createdMis},
            #{item.lastUpdateMis},
            #{item.createdTime},
            #{item.updateTime}
            )
        </foreach>
    </insert>

</mapper>