<?xml version="1.0" encoding="UTF-8"?>
<!DOCTYPE mapper PUBLIC "-//mybatis.org//DTD Mapper 3.0//EN" "http://mybatis.org/dtd/mybatis-3-mapper.dtd">
<mapper namespace="com.sankuai.tripdatecenter.databp.fenghuang.dao.mapper.ba.ext.BaRelationTopicDimensionEnumPOMapperExt">

  <resultMap id="BaseResultMap" type="com.sankuai.tripdatecenter.databp.fenghuang.dao.po.ba.ext.BaRelationTopicDimensionEnumExtPO">
    <!--
      WARNING - @mbg.generated
      This element is automatically generated by MyBatis Generator, do not modify.
      This element was generated on Wed Mar 01 14:32:57 CST 2023.
    -->
    <result column="id" jdbcType="BIGINT" property="id" />
    <result column="dimension_id" jdbcType="VARCHAR" property="dimensionId" />
    <result column="dimension_name" jdbcType="VARCHAR" property="dimensionName" />
    <result column="dimension_code" jdbcType="VARCHAR" property="dimensionCode" />
    <result column="dimension_type" jdbcType="VARCHAR" property="dimensionType" />
    <result column="report_id" jdbcType="BIGINT" property="reportId" />
    <result column="topic_id" jdbcType="BIGINT" property="topicId" />
    <result column="business_id" jdbcType="VARCHAR" property="businessId" />
    <result column="dimension_enum_code" jdbcType="VARCHAR" property="dimensionEnumCode" />
    <result column="dimension_enum_name" jdbcType="VARCHAR" property="dimensionEnumName" />
    <result column="related_dimension_id" jdbcType="VARCHAR" property="relatedDimensionId" />
    <result column="related_dimension_name" jdbcType="VARCHAR" property="relatedDimensionName" />
    <result column="related_dimension_code" jdbcType="VARCHAR" property="relatedDimensionCode" />
    <result column="related_dimension_type" jdbcType="VARCHAR" property="relatedDimensionType" />
    <result column="related_comp_type" jdbcType="VARCHAR" property="relatedCompType" />
    <result column="related_dimension_alias" jdbcType="VARCHAR" property="relatedDimensionAlias" />
    <result column="related_dimension_enum_code" jdbcType="VARCHAR" property="relatedDimensionEnumCode" />
    <result column="related_dimension_enum_name" jdbcType="VARCHAR" property="relatedDimensionEnumName" />
    <result column="order_num" jdbcType="INTEGER" property="orderNum" />
    <result column="is_delete" jdbcType="SMALLINT" property="isDelete" />
    <result column="is_auth" jdbcType="SMALLINT" property="isAuth" />
    <result column="auth_source_code" jdbcType="VARCHAR" property="authSourceCode" />
    <result column="is_selected" jdbcType="INTEGER" property="isSelected" />
    <result column="created_mis" jdbcType="VARCHAR" property="createdMis" />
    <result column="last_update_mis" jdbcType="VARCHAR" property="lastUpdateMis" />
    <result column="created_time" jdbcType="TIMESTAMP" property="createdTime" />
    <result column="update_time" jdbcType="TIMESTAMP" property="updateTime" />
  </resultMap>

  <insert id="batchInsertDimensionRelation">
    insert into fenghuang_relation_ba_topic_dimension_enum
    (dimension_id,
    report_id,
    topic_id,
    business_id,
    dimension_enum_code,
    related_dimension_id,
    related_dimension_enum_code,
    related_dimension_enum_name,
    order_num,
    is_delete,
    created_mis,
    last_update_mis,
    created_time,
    update_time)
    values
    <foreach collection="dimensionRelations" separator="," item="relation">
      (
      #{relation.dimensionId},
      #{relation.reportId},
      #{relation.topicId},
      #{relation.businessId},
      #{relation.dimensionEnumCode},
      #{relation.relatedDimensionId},
      #{relation.relatedDimensionEnumCode},
      #{relation.relatedDimensionEnumName},
      #{relation.orderNum},
      #{relation.isDelete},
      #{relation.createdMis},
      #{relation.lastUpdateMis},
      #{relation.createdTime},
      #{relation.updateTime}
      )
    </foreach>
  </insert>

  <select id="selectExtPOById" resultMap="BaseResultMap">
    select distinct re.dimension_id,
    dim.dimension_name,
    re.report_id,
    re.topic_id,
    re.business_id,
    re.dimension_enum_code,
    en.dimension_enum_name,
    re.related_dimension_id,
    dim2.dimension_name as related_dimension_name,
    re.order_num,
    re.is_delete,
    re.created_mis,
    re.last_update_mis,
    re.created_time,
    re.update_time
    from fenghuang_relation_ba_topic_dimension_enum re
    left join fenghuang_info_dimension dim
    on re.dimension_id = dim.dimension_id and dim.is_delete = 0
    left join fenghuang_info_dimension dim2
    on re.related_dimension_id = dim2.dimension_id and dim.is_delete = 0
    left join fenghuang_info_ba_topic_dimension_enum en
    on re.topic_id = en.topic_id and re.dimension_id = en.dimension_id and re.dimension_enum_code = en.dimension_enum_code and en.is_delete = 0
    where re.topic_id = #{topicId}
    and re.dimension_id = #{dimensionId}
    and re.business_id = #{businessId}
  </select>

  <select id="selectExtPOByEnumCode" resultMap="BaseResultMap">
    select
    dim.report_id,
    dim.topic_id,
    dim.business_id,
    re.dimension_id as dimension_id,
    re.related_dimension_id as related_dimension_id,
    dim2.dimension_name as related_dimension_name,
    dim2.dimension_code as related_dimension_code,
    dim.comp_type as related_comp_type,
    dim.dimension_alias as related_dimension_alias,
    re.related_dimension_enum_code as related_dimension_enum_code,
    re.related_dimension_enum_name as related_dimension_enum_name,
    auth.is_auth as is_auth,
    auth.auth_source_code as auth_source_code,
    re.order_num,
    re.is_delete,
    re.created_mis,
    re.last_update_mis,
    re.created_time,
    re.update_time
    from fenghuang_relation_ba_topic_dimension_enum re
    left join fenghuang_info_ba_topic_dimension dim
    on re.related_dimension_id = dim.dimension_id and dim.is_delete = 0 and re.topic_id = dim.topic_id
    left join fenghuang_info_dimension dim2
    on re.related_dimension_id = dim2.dimension_id and dim2.is_delete = 0
    left join fenghuang_info_ba_topic_dimension_enum en
    on re.topic_id = en.topic_id and re.dimension_id = en.dimension_id and re.dimension_enum_code = en.dimension_enum_code and en.is_delete = 0
    left join fenghuang_info_ba_topic_dimension_auth auth
    on auth.topic_id = dim.topic_id
    and auth.dimension_id = re.related_dimension_id
    where re.topic_id = #{topicId}
    and re.dimension_id = #{dimensionId}
    and re.business_id = #{businessId}
    and re.dimension_enum_code = #{dimensionEnumCode}
  </select>


  <select id="selectRelationEnumList" resultMap="BaseResultMap">
    select dimension_enum_code as related_dimension_enum_code,
    dimension_enum_name as related_dimension_enum_name,
    case when re.related_dimension_enum_code is null then 0
    else 1
    end as is_selected
    from (
    select related_dimension_enum_code,
    related_dimension_enum_name
    from fenghuang_relation_ba_topic_dimension_enum re
    where re.topic_id = #{topicId}
    and dimension_id = #{dimensionId}
    and dimension_enum_code = #{enumCode}
    and related_dimension_id = #{relatedDimensionId}
    and is_delete = 0
    ) re
    right join (
    select dimension_enum_code,
    dimension_enum_name
    from fenghuang_info_ba_topic_dimension_enum re
    where re.topic_id = #{topicId}
    and dimension_id = #{relatedDimensionId}
    and is_delete = 0
    ) en
    on re.related_dimension_enum_code = en.dimension_enum_code
  </select>

</mapper>