<?xml version="1.0" encoding="UTF-8"?>
<!DOCTYPE mapper PUBLIC "-//mybatis.org//DTD Mapper 3.0//EN" "http://mybatis.org/dtd/mybatis-3-mapper.dtd">
<mapper namespace="com.sankuai.tripdatecenter.databp.fenghuang.dao.mapper.ba.ext.BaTopicPOMapperExt">

  <resultMap id="BaseResultMap" type="com.sankuai.tripdatecenter.databp.fenghuang.dao.po.ba.ext.BaTopicExtPO">
    <!--
      WARNING - @mbg.generated
      This element is automatically generated by MyBatis Generator, do not modify.
      This element was generated on Tue Feb 28 15:07:45 CST 2023.
    -->
    <result column="id" jdbcType="BIGINT" property="id" />
    <result column="report_id" jdbcType="BIGINT" property="reportId" />
    <result column="topic_id" jdbcType="BIGINT" property="topicId" />
    <result column="topic_name" jdbcType="VARCHAR" property="topicName" />
    <result column="order_num" jdbcType="INTEGER" property="orderNum" />
    <result column="template_type" jdbcType="VARCHAR" property="templateType" />
    <result column="is_auth" jdbcType="SMALLINT" property="isAuth" />
    <result column="auth_type" jdbcType="VARCHAR" property="authType" />
    <result column="auth_source_code" jdbcType="VARCHAR" property="authSourceCode" />
    <result column="business_id" jdbcType="VARCHAR" property="businessId" />
    <result column="is_poi_search" jdbcType="SMALLINT" property="isPoiSearch" />
    <result column="is_partner_search" jdbcType="SMALLINT" property="isPartnerSearch" />
    <result column="is_deal_search" jdbcType="SMALLINT" property="isDealSearch" />
    <result column="is_location" jdbcType="SMALLINT" property="isLocation" />
    <result column="is_region_location" jdbcType="SMALLINT" property="isRegionLocation" />
    <result column="is_strategy_rank" jdbcType="SMALLINT" property="isStrategyRank" />
    <result column="is_funnel" jdbcType="SMALLINT" property="isFunnel" />
    <result column="poi_dimension_id" jdbcType="VARCHAR" property="poiDimensionId" />
  </resultMap>

  <select id="selectByTopicId"  resultMap="BaseResultMap">
    SELECT
    topic.topic_id,
    topic.topic_name,
    topic.order_num,
    topic.template_type,
    topic.is_auth,
    topic.auth_source_code,
    topic.auth_type,
    topic.business_id,
    ba.poi_dimension_id,
    case when ba.is_poi_search is null then 0 else ba.is_poi_search end as is_poi_search,
    case when ba.is_partner_search is null then 0 else ba.is_partner_search end as is_partner_search,
    case when ba.is_deal_search is null then 0 else ba.is_deal_search end as is_deal_search,
    case when ba.is_funnel is null then 0 else ba.is_funnel end as is_funnel,
    case when ba.is_location is null then 0 else ba.is_location end as is_location,
    case when ba.is_region_location is null then 0 else ba.is_region_location end as is_region_location,
    case when ba.is_strategy_rank is null then 0 else ba.is_strategy_rank end as is_strategy_rank
    FROM fenghuang_info_topic topic
    left join fenghuang_info_ba_topic ba
    on topic.topic_id = ba.topic_id
    where topic.is_delete = 0
    and topic.topic_id = #{topicId}
  </select>

  <select id="selectByReportId"  resultMap="BaseResultMap">
    SELECT
    topic.topic_id,
    topic.topic_name,
    topic.order_num,
    topic.template_type,
    topic.is_auth,
    topic.auth_type,
    topic.auth_source_code,
    topic.business_id,
    ba.poi_dimension_id,
    case when ba.is_poi_search is null then 0 else ba.is_poi_search end as is_poi_search,
    case when ba.is_partner_search is null then 0 else ba.is_partner_search end as is_partner_search,
    case when ba.is_deal_search is null then 0 else ba.is_deal_search end as is_deal_search,
    case when ba.is_funnel is null then 0 else ba.is_funnel end as is_funnel,
    case when ba.is_location is null then 0 else ba.is_location end as is_location,
    case when ba.is_region_location is null then 0 else ba.is_region_location end as is_region_location,
    case when ba.is_strategy_rank is null then 0 else ba.is_strategy_rank end as is_strategy_rank
    FROM fenghuang_info_topic topic
    left join fenghuang_info_ba_topic ba
    on topic.topic_id = ba.topic_id
    where topic.is_delete = 0
    and topic.report_id = #{reportId}
    and topic.business_id = #{businessId}
    order by topic.order_num asc
  </select>


</mapper>