<?xml version="1.0" encoding="UTF-8"?>
<!DOCTYPE mapper PUBLIC "-//mybatis.org//DTD Mapper 3.0//EN" "http://mybatis.org/dtd/mybatis-3-mapper.dtd">
<mapper namespace="com.sankuai.tripdatecenter.databp.fenghuang.dao.mapper.ba.ext.BaTopicIndicatorPOMapperExt">

    <resultMap id="indicatorCodeResult" type="java.lang.String">
        <result column="indicator_code" jdbcType="VARCHAR"/>
    </resultMap>

    <resultMap id="BaseResultMap" type="com.sankuai.tripdatecenter.databp.fenghuang.dao.po.ba.ext.BaTopicIndicatorExtPO">
        <result column="report_id" jdbcType="BIGINT" property="reportId" />
        <result column="topic_id" jdbcType="BIGINT" property="topicId" />
        <result column="module_id" jdbcType="BIGINT" property="moduleId" />
        <result column="module_name" jdbcType="VARCHAR" property="moduleName" />
        <result column="business_id" jdbcType="VARCHAR" property="businessId" />
        <result column="indicator_id" jdbcType="VARCHAR" property="indicatorId" />
        <result column="indicator_alias" jdbcType="VARCHAR" property="indicatorAlias" />
        <result column="indicator_tag" jdbcType="VARCHAR" property="indicatorTag" />
        <result column="value_digit" jdbcType="INTEGER" property="valueDigit" />
        <result column="rate_value_digit" jdbcType="INTEGER" property="rateValueDigit" />
        <result column="value_type" jdbcType="VARCHAR" property="valueType" />
        <result column="rate_value_type" jdbcType="VARCHAR" property="rateValueType" />
        <result column="order_num" jdbcType="INTEGER" property="orderNum" />
        <result column="app_source" jdbcType="INTEGER" property="appSource" />
        <result column="app_id" jdbcType="BIGINT" property="appId" />
        <result column="value_unit" jdbcType="VARCHAR" property="valueUnit" />
        <result column="rate_value_unit" jdbcType="VARCHAR" property="rateValueUnit" />
        <result column="ks_separation" jdbcType="SMALLINT" property="ksSeparation" />
        <result column="yoy_display" jdbcType="SMALLINT" property="yoyDisplay" />
        <result column="is_key" jdbcType="SMALLINT" property="isKey" />
        <result column="is_trend" jdbcType="SMALLINT" property="isTrend" />
        <result column="is_dim_reduce" jdbcType="SMALLINT" property="isDimReduce" />
        <result column="is_detail" jdbcType="SMALLINT" property="isDetail" />
    </resultMap>

    <sql id="Base_Column_List">
        report_id, topic_id, module_id, business_id, indicator_id, indicator_alias, indicator_tag,
        value_digit, rate_value_digit, value_type, rate_value_type, order_num, app_source,
        app_id, value_unit, rate_value_unit, ks_separation, yoy_display, is_key, is_trend,
        is_dim_reduce, is_detail
    </sql>

    <update id="updateIndicatorOrderBatch" >
        <foreach collection="indicators" item="indicator" index="index" open="" close="" separator=";">
            update fenghuang_info_ba_topic_indicator
            <set>
                order_num=#{indicator.orderNum}
            </set>
            where module_id = #{indicator.moduleId}
            and indicator_id = #{indicator.indicatorId}
        </foreach>
    </update>

    <select id="selectFunnelIndicatorsByTopicId" resultMap="BaseResultMap">
        SELECT topic.report_id,
        topic.topic_id,
        module_id,
        topic.business_id,
        topic.indicator_id,
        indicator_alias,
        indicator_tag,
        value_digit,
        rate_value_digit,
        value_type,
        rate_value_type,
        funnel.order_num,
        app_source,
        app_id,
        value_unit,
        rate_value_unit,
        ks_separation,
        yoy_display,
        is_key,
        is_trend,
        is_dim_reduce,
        is_detail
        FROM fenghuang_info_ba_topic_indicator topic
        inner join fenghuang_info_ba_topic_funnel_indicator funnel
        on topic.topic_id = funnel.topic_id
        and topic.indicator_id = funnel.indicator_id
        and funnel.is_delete = 0
        where topic.topic_id = #{topicId}
        order by order_num asc
    </select>

    <select id="selectIndicatorsByModuleId" resultMap="BaseResultMap">
        select
        ti.report_id, ti.topic_id, ti.module_id, m.module_name, ti.business_id, indicator_id, indicator_alias, indicator_tag,
        value_digit, rate_value_digit, value_type, rate_value_type, ti.order_num, app_source,
        app_id, value_unit, rate_value_unit, ks_separation, yoy_display, is_key, is_trend,
        is_dim_reduce, is_detail
        from fenghuang_info_ba_topic_indicator ti
        join fenghuang_info_ba_module m
        on ti.module_id = m.module_id
        and ti.is_delete = 0
        and m.is_delete = 0
        where ti.module_id = #{moduleId}
        order by ti.order_num asc
    </select>

    <select id="selectIndicatorsByTopicId" resultMap="BaseResultMap">
        select
            ti.report_id, ti.topic_id, ti.module_id, m.module_name, ti.business_id, indicator_id, indicator_alias, indicator_tag,
            value_digit, rate_value_digit, value_type, rate_value_type, ti.order_num, app_source,
            app_id, value_unit, rate_value_unit, ks_separation, yoy_display, is_key, is_trend,
            is_dim_reduce, is_detail
        from fenghuang_info_ba_topic_indicator ti
                 join fenghuang_info_ba_module m
                      on ti.module_id = m.module_id
        and ti.is_delete = 0
        and m.is_delete = 0
        where ti.topic_id = #{topicId}
        order by m.order_num, ti.order_num asc
    </select>
</mapper>