<?xml version="1.0" encoding="UTF-8"?>
<!DOCTYPE mapper PUBLIC "-//mybatis.org//DTD Mapper 3.0//EN" "http://mybatis.org/dtd/mybatis-3-mapper.dtd">
<mapper namespace="com.sankuai.tripdatecenter.databp.fenghuang.dao.mapper.ba.ext.BaTopicDimensionEnumPOMapperExt">

  <resultMap id="BaseResultMap" type="com.sankuai.tripdatecenter.databp.fenghuang.dao.po.ba.ext.BaTopicDimensionEnumExtPO">
    <!--
      WARNING - @mbg.generated
      This element is automatically generated by MyBatis Generator, do not modify.
      This element was generated on Tue Feb 28 15:07:45 CST 2023.
    -->
    <result column="id" jdbcType="BIGINT" property="id" />
    <result column="dimension_id" jdbcType="VARCHAR" property="dimensionId" />
    <result column="related_dimension_id" jdbcType="VARCHAR" property="relatedDimensionId" />
    <result column="report_id" jdbcType="BIGINT" property="reportId" />
    <result column="topic_id" jdbcType="BIGINT" property="topicId" />
    <result column="dimension_enum_code" jdbcType="VARCHAR" property="dimensionEnumCode" />
    <result column="dimension_enum_name" jdbcType="VARCHAR" property="dimensionEnumName" />
    <result column="order_num" jdbcType="INTEGER" property="orderNum" />
    <result column="is_delete" jdbcType="SMALLINT" property="isDelete" />
    <result column="created_mis" jdbcType="VARCHAR" property="createdMis" />
    <result column="last_update_mis" jdbcType="VARCHAR" property="lastUpdateMis" />
    <result column="created_time" jdbcType="TIMESTAMP" property="createdTime" />
    <result column="update_time" jdbcType="TIMESTAMP" property="updateTime" />
  </resultMap>

  <insert id="insertBatch" parameterType="com.sankuai.tripdatecenter.databp.fenghuang.dao.po.ba.BaTopicDimensionEnumPO">
    INSERT INTO fenghuang_info_ba_topic_dimension_enum
    (dimension_id,
    report_id,
    topic_id,
    dimension_enum_code,
    dimension_enum_name,
    order_num,
    is_delete,
    created_mis,
    last_update_mis,
    created_time,
    update_time)
    values
    <foreach collection="dimensionEnums" separator="," item="dimensionEnum">
      (#{dimensionEnum.dimensionId},
      #{dimensionEnum.reportId},
      #{dimensionEnum.topicId},
      #{dimensionEnum.dimensionEnumCode},
      #{dimensionEnum.dimensionEnumName},
      #{dimensionEnum.orderNum},
      #{dimensionEnum.isDelete},
      #{dimensionEnum.createdMis},
      #{dimensionEnum.lastUpdateMis},
      #{dimensionEnum.createdTime},
      #{dimensionEnum.updateTime})
    </foreach>
  </insert>

  <select id="selectEnumListAndDimRelation" resultMap="BaseResultMap">
    select dim_enum.id,
    dim_enum.dimension_id,
    dim_enum.report_id,
    dim_enum.topic_id,
    dim_enum.dimension_enum_code,
    dim_enum.dimension_enum_name,
    dim_enum.has_relation,
    dim_enum.order_num,
    dim_enum.is_delete,
    dim_enum.created_mis,
    dim_enum.last_update_mis,
    dim_enum.created_time,
    dim_enum.update_time,
    dim_relation.related_dimension_id as related_dimension_id
    from fenghuang_info_ba_topic_dimension_enum dim_enum
    left join (
    select distinct report_id,
    related_dimension_id,
    topic_id,
    dimension_id,
    dimension_enum_code
    from fenghuang_relation_ba_topic_dimension_enum
    ) dim_relation
    on dim_enum.report_id = dim_relation.report_id
    and dim_enum.topic_id = dim_relation.topic_id
    and dim_enum.dimension_id = dim_relation.dimension_id
    and dim_enum.dimension_enum_code = dim_relation.dimension_enum_code
    where dim_enum.topic_id = #{topicId}
    and dim_enum.dimension_id = #{dimensionId}
  </select>

</mapper>