<?xml version="1.0" encoding="UTF-8"?>
<!DOCTYPE mapper PUBLIC "-//mybatis.org//DTD Mapper 3.0//EN" "http://mybatis.org/dtd/mybatis-3-mapper.dtd">
<mapper namespace="com.sankuai.tripdatecenter.databp.fenghuang.dao.mapper.ba.ext.BaTopicFunnelIndicatorPOMapperExt">

  <resultMap id="BaseResultMap" type="com.sankuai.tripdatecenter.databp.fenghuang.dao.po.ba.BaTopicIndicatorPO">
    <!--
      WARNING - @mbg.generated
      This element is automatically generated by MyBatis Generator, do not modify.
      This element was generated on Tue Feb 28 15:07:45 CST 2023.
    -->
    <result column="id" jdbcType="BIGINT" property="id" />
    <result column="report_id" jdbcType="BIGINT" property="reportId" />
    <result column="topic_id" jdbcType="BIGINT" property="topicId" />
    <result column="indicator_id" jdbcType="VARCHAR" property="indicatorId" />
    <result column="indicator_alias" jdbcType="VARCHAR" property="indicatorAlias" />
    <result column="order_num" jdbcType="INTEGER" property="orderNum" />
    <result column="is_delete" jdbcType="SMALLINT" property="isDelete" />
    <result column="created_mis" jdbcType="VARCHAR" property="createdMis" />
    <result column="last_update_mis" jdbcType="VARCHAR" property="lastUpdateMis" />
    <result column="created_time" jdbcType="TIMESTAMP" property="createdTime" />
    <result column="update_time" jdbcType="TIMESTAMP" property="updateTime" />
  </resultMap>

  <select id="selectMaxOrderNum"  resultType="Integer">
    select max(order_num) from fenghuang_info_ba_topic_funnel_indicator
    where topic_id =#{topicId}
      and is_delete = 0
  </select>

  <update id="batchUpdateIndicatorOrder" >
    <foreach collection="funnelIndicators" item="funnelIndicator" index="index" open="" close="" separator=";">
      update fenghuang_info_ba_topic_funnel_indicator
      <set>
        order_num=#{funnelIndicator.orderNum},
        last_update_mis=#{funnelIndicator.lastUpdateMis},
        update_time=#{funnelIndicator.updateTime}
      </set>
      where topic_id = #{funnelIndicator.topicId}
        and indicator_id = #{funnelIndicator.indicatorId}
    </foreach>
  </update>

  <select id="selectFunnelByTopicId" resultMap="BaseResultMap">
    SELECT
    indicator.report_id as report_id,
    indicator.topic_id as topic_id,
    indicator.indicator_id as indicator_id,
    indicator_alias as indicator_alias,
    funnel.order_num as order_num
    FROM fenghuang_info_ba_topic_indicator indicator
    left join fenghuang_info_ba_topic_funnel_indicator funnel
    on indicator.topic_id = funnel.topic_id
    and indicator.indicator_id = funnel.indicator_id
    where indicator.topic_id = #{topicId}
    and indicator.is_delete = 0
    order by order_num asc
  </select>

  <insert id="batchInsertFunnelIndicator">
    insert into fenghuang_info_ba_topic_funnel_indicator
    (report_id,
    topic_id,
    indicator_id,
    order_num,
    business_id,
    is_delete,
    created_mis,
    last_update_mis,
    created_time,
    update_time)
    values
    <foreach collection="funnelIndicators" separator="," item="funnelIndicator">
      (
      #{funnelIndicator.reportId},
      #{funnelIndicator.topicId},
      #{funnelIndicator.indicatorId},
      #{funnelIndicator.orderNum},
      #{funnelIndicator.businessId},
      #{funnelIndicator.isDelete},
      #{funnelIndicator.createdMis},
      #{funnelIndicator.lastUpdateMis},
      #{funnelIndicator.createdTime},
      #{funnelIndicator.updateTime}
      )
    </foreach>
  </insert>

</mapper>