<?xml version="1.0" encoding="UTF-8"?>
<!DOCTYPE mapper PUBLIC "-//mybatis.org//DTD Mapper 3.0//EN" "http://mybatis.org/dtd/mybatis-3-mapper.dtd">
<mapper namespace="com.sankuai.tripdatecenter.databp.fenghuang.dao.mapper.ba.auto.BaTopicPOMapper">
  <resultMap id="BaseResultMap" type="com.sankuai.tripdatecenter.databp.fenghuang.dao.po.ba.BaTopicPO">
    <!--
      WARNING - @mbg.generated
      This element is automatically generated by MyBatis Generator, do not modify.
      This element was generated on Sun Jun 25 19:29:23 CST 2023.
    -->
    <result column="id" jdbcType="BIGINT" property="id" />
    <result column="business_id" jdbcType="VARCHAR" property="businessId" />
    <result column="topic_id" jdbcType="BIGINT" property="topicId" />
    <result column="is_funnel" jdbcType="SMALLINT" property="isFunnel" />
    <result column="is_poi_search" jdbcType="SMALLINT" property="isPoiSearch" />
    <result column="poi_dimension_id" jdbcType="VARCHAR" property="poiDimensionId" />
    <result column="is_location" jdbcType="SMALLINT" property="isLocation" />
    <result column="is_strategy_rank" jdbcType="SMALLINT" property="isStrategyRank" />
    <result column="is_deal_search" jdbcType="SMALLINT" property="isDealSearch" />
    <result column="is_partner_search" jdbcType="SMALLINT" property="isPartnerSearch" />
    <result column="is_region_location" jdbcType="SMALLINT" property="isRegionLocation" />
    <result column="is_delete" jdbcType="SMALLINT" property="isDelete" />
    <result column="created_mis" jdbcType="VARCHAR" property="createdMis" />
    <result column="last_update_mis" jdbcType="VARCHAR" property="lastUpdateMis" />
    <result column="created_time" jdbcType="TIMESTAMP" property="createdTime" />
    <result column="update_time" jdbcType="TIMESTAMP" property="updateTime" />
  </resultMap>
  <sql id="Example_Where_Clause">
    <!--
      WARNING - @mbg.generated
      This element is automatically generated by MyBatis Generator, do not modify.
      This element was generated on Sun Jun 25 19:29:23 CST 2023.
    -->
    <where>
      <foreach collection="oredCriteria" item="criteria" separator="or">
        <if test="criteria.valid">
          <trim prefix="(" prefixOverrides="and" suffix=")">
            <foreach collection="criteria.criteria" item="criterion">
              <choose>
                <when test="criterion.noValue">
                  and ${criterion.condition}
                </when>
                <when test="criterion.singleValue">
                  and ${criterion.condition} #{criterion.value}
                </when>
                <when test="criterion.betweenValue">
                  and ${criterion.condition} #{criterion.value} and #{criterion.secondValue}
                </when>
                <when test="criterion.listValue">
                  and ${criterion.condition}
                  <foreach close=")" collection="criterion.value" item="listItem" open="(" separator=",">
                    #{listItem}
                  </foreach>
                </when>
              </choose>
            </foreach>
          </trim>
        </if>
      </foreach>
    </where>
  </sql>
  <sql id="Update_By_Example_Where_Clause">
    <!--
      WARNING - @mbg.generated
      This element is automatically generated by MyBatis Generator, do not modify.
      This element was generated on Sun Jun 25 19:29:23 CST 2023.
    -->
    <where>
      <foreach collection="example.oredCriteria" item="criteria" separator="or">
        <if test="criteria.valid">
          <trim prefix="(" prefixOverrides="and" suffix=")">
            <foreach collection="criteria.criteria" item="criterion">
              <choose>
                <when test="criterion.noValue">
                  and ${criterion.condition}
                </when>
                <when test="criterion.singleValue">
                  and ${criterion.condition} #{criterion.value}
                </when>
                <when test="criterion.betweenValue">
                  and ${criterion.condition} #{criterion.value} and #{criterion.secondValue}
                </when>
                <when test="criterion.listValue">
                  and ${criterion.condition}
                  <foreach close=")" collection="criterion.value" item="listItem" open="(" separator=",">
                    #{listItem}
                  </foreach>
                </when>
              </choose>
            </foreach>
          </trim>
        </if>
      </foreach>
    </where>
  </sql>
  <sql id="Base_Column_List">
    <!--
      WARNING - @mbg.generated
      This element is automatically generated by MyBatis Generator, do not modify.
      This element was generated on Sun Jun 25 19:29:23 CST 2023.
    -->
    id, business_id, topic_id, is_funnel, is_poi_search, poi_dimension_id, is_location, 
    is_strategy_rank, is_deal_search, is_partner_search, is_region_location, is_delete, 
    created_mis, last_update_mis, created_time, update_time
  </sql>
  <select id="selectByExample" parameterType="com.sankuai.tripdatecenter.databp.fenghuang.dao.po.ba.example.BaTopicPOExample" resultMap="BaseResultMap">
    <!--
      WARNING - @mbg.generated
      This element is automatically generated by MyBatis Generator, do not modify.
      This element was generated on Sun Jun 25 19:29:23 CST 2023.
    -->
    select
    <if test="distinct">
      distinct
    </if>
    <include refid="Base_Column_List" />
    from fenghuang_info_ba_topic
    <if test="_parameter != null">
      <include refid="Example_Where_Clause" />
    </if>
    <if test="orderByClause != null">
      order by ${orderByClause}
    </if>
  </select>
  <delete id="deleteByExample" parameterType="com.sankuai.tripdatecenter.databp.fenghuang.dao.po.ba.example.BaTopicPOExample">
    <!--
      WARNING - @mbg.generated
      This element is automatically generated by MyBatis Generator, do not modify.
      This element was generated on Sun Jun 25 19:29:23 CST 2023.
    -->
    delete from fenghuang_info_ba_topic
    <if test="_parameter != null">
      <include refid="Example_Where_Clause" />
    </if>
  </delete>
  <insert id="insert" parameterType="com.sankuai.tripdatecenter.databp.fenghuang.dao.po.ba.BaTopicPO">
    <!--
      WARNING - @mbg.generated
      This element is automatically generated by MyBatis Generator, do not modify.
      This element was generated on Sun Jun 25 19:29:23 CST 2023.
    -->
    <selectKey keyProperty="id" order="AFTER" resultType="java.lang.Long">
      SELECT LAST_INSERT_ID()
    </selectKey>
    insert into fenghuang_info_ba_topic (business_id, topic_id, is_funnel, 
      is_poi_search, poi_dimension_id, is_location, 
      is_strategy_rank, is_deal_search, is_partner_search, 
      is_region_location, is_delete, created_mis, 
      last_update_mis, created_time, update_time
      )
    values (#{businessId,jdbcType=VARCHAR}, #{topicId,jdbcType=BIGINT}, #{isFunnel,jdbcType=SMALLINT}, 
      #{isPoiSearch,jdbcType=SMALLINT}, #{poiDimensionId,jdbcType=VARCHAR}, #{isLocation,jdbcType=SMALLINT}, 
      #{isStrategyRank,jdbcType=SMALLINT}, #{isDealSearch,jdbcType=SMALLINT}, #{isPartnerSearch,jdbcType=SMALLINT}, 
      #{isRegionLocation,jdbcType=SMALLINT}, #{isDelete,jdbcType=SMALLINT}, #{createdMis,jdbcType=VARCHAR}, 
      #{lastUpdateMis,jdbcType=VARCHAR}, #{createdTime,jdbcType=TIMESTAMP}, #{updateTime,jdbcType=TIMESTAMP}
      )
  </insert>
  <insert id="insertSelective" parameterType="com.sankuai.tripdatecenter.databp.fenghuang.dao.po.ba.BaTopicPO">
    <!--
      WARNING - @mbg.generated
      This element is automatically generated by MyBatis Generator, do not modify.
      This element was generated on Sun Jun 25 19:29:23 CST 2023.
    -->
    <selectKey keyProperty="id" order="AFTER" resultType="java.lang.Long">
      SELECT LAST_INSERT_ID()
    </selectKey>
    insert into fenghuang_info_ba_topic
    <trim prefix="(" suffix=")" suffixOverrides=",">
      <if test="businessId != null">
        business_id,
      </if>
      <if test="topicId != null">
        topic_id,
      </if>
      <if test="isFunnel != null">
        is_funnel,
      </if>
      <if test="isPoiSearch != null">
        is_poi_search,
      </if>
      <if test="poiDimensionId != null">
        poi_dimension_id,
      </if>
      <if test="isLocation != null">
        is_location,
      </if>
      <if test="isStrategyRank != null">
        is_strategy_rank,
      </if>
      <if test="isDealSearch != null">
        is_deal_search,
      </if>
      <if test="isPartnerSearch != null">
        is_partner_search,
      </if>
      <if test="isRegionLocation != null">
        is_region_location,
      </if>
      <if test="isDelete != null">
        is_delete,
      </if>
      <if test="createdMis != null">
        created_mis,
      </if>
      <if test="lastUpdateMis != null">
        last_update_mis,
      </if>
      <if test="createdTime != null">
        created_time,
      </if>
      <if test="updateTime != null">
        update_time,
      </if>
    </trim>
    <trim prefix="values (" suffix=")" suffixOverrides=",">
      <if test="businessId != null">
        #{businessId,jdbcType=VARCHAR},
      </if>
      <if test="topicId != null">
        #{topicId,jdbcType=BIGINT},
      </if>
      <if test="isFunnel != null">
        #{isFunnel,jdbcType=SMALLINT},
      </if>
      <if test="isPoiSearch != null">
        #{isPoiSearch,jdbcType=SMALLINT},
      </if>
      <if test="poiDimensionId != null">
        #{poiDimensionId,jdbcType=VARCHAR},
      </if>
      <if test="isLocation != null">
        #{isLocation,jdbcType=SMALLINT},
      </if>
      <if test="isStrategyRank != null">
        #{isStrategyRank,jdbcType=SMALLINT},
      </if>
      <if test="isDealSearch != null">
        #{isDealSearch,jdbcType=SMALLINT},
      </if>
      <if test="isPartnerSearch != null">
        #{isPartnerSearch,jdbcType=SMALLINT},
      </if>
      <if test="isRegionLocation != null">
        #{isRegionLocation,jdbcType=SMALLINT},
      </if>
      <if test="isDelete != null">
        #{isDelete,jdbcType=SMALLINT},
      </if>
      <if test="createdMis != null">
        #{createdMis,jdbcType=VARCHAR},
      </if>
      <if test="lastUpdateMis != null">
        #{lastUpdateMis,jdbcType=VARCHAR},
      </if>
      <if test="createdTime != null">
        #{createdTime,jdbcType=TIMESTAMP},
      </if>
      <if test="updateTime != null">
        #{updateTime,jdbcType=TIMESTAMP},
      </if>
    </trim>
  </insert>
  <select id="countByExample" parameterType="com.sankuai.tripdatecenter.databp.fenghuang.dao.po.ba.example.BaTopicPOExample" resultType="java.lang.Long">
    <!--
      WARNING - @mbg.generated
      This element is automatically generated by MyBatis Generator, do not modify.
      This element was generated on Sun Jun 25 19:29:23 CST 2023.
    -->
    select count(*) from fenghuang_info_ba_topic
    <if test="_parameter != null">
      <include refid="Example_Where_Clause" />
    </if>
  </select>
  <update id="updateByExampleSelective" parameterType="map">
    <!--
      WARNING - @mbg.generated
      This element is automatically generated by MyBatis Generator, do not modify.
      This element was generated on Sun Jun 25 19:29:23 CST 2023.
    -->
    update fenghuang_info_ba_topic
    <set>
      <if test="record.id != null">
        id = #{record.id,jdbcType=BIGINT},
      </if>
      <if test="record.businessId != null">
        business_id = #{record.businessId,jdbcType=VARCHAR},
      </if>
      <if test="record.topicId != null">
        topic_id = #{record.topicId,jdbcType=BIGINT},
      </if>
      <if test="record.isFunnel != null">
        is_funnel = #{record.isFunnel,jdbcType=SMALLINT},
      </if>
      <if test="record.isPoiSearch != null">
        is_poi_search = #{record.isPoiSearch,jdbcType=SMALLINT},
      </if>
      <if test="record.poiDimensionId != null">
        poi_dimension_id = #{record.poiDimensionId,jdbcType=VARCHAR},
      </if>
      <if test="record.isLocation != null">
        is_location = #{record.isLocation,jdbcType=SMALLINT},
      </if>
      <if test="record.isStrategyRank != null">
        is_strategy_rank = #{record.isStrategyRank,jdbcType=SMALLINT},
      </if>
      <if test="record.isDealSearch != null">
        is_deal_search = #{record.isDealSearch,jdbcType=SMALLINT},
      </if>
      <if test="record.isPartnerSearch != null">
        is_partner_search = #{record.isPartnerSearch,jdbcType=SMALLINT},
      </if>
      <if test="record.isRegionLocation != null">
        is_region_location = #{record.isRegionLocation,jdbcType=SMALLINT},
      </if>
      <if test="record.isDelete != null">
        is_delete = #{record.isDelete,jdbcType=SMALLINT},
      </if>
      <if test="record.createdMis != null">
        created_mis = #{record.createdMis,jdbcType=VARCHAR},
      </if>
      <if test="record.lastUpdateMis != null">
        last_update_mis = #{record.lastUpdateMis,jdbcType=VARCHAR},
      </if>
      <if test="record.createdTime != null">
        created_time = #{record.createdTime,jdbcType=TIMESTAMP},
      </if>
      <if test="record.updateTime != null">
        update_time = #{record.updateTime,jdbcType=TIMESTAMP},
      </if>
    </set>
    <if test="example != null">
      <include refid="Update_By_Example_Where_Clause" />
    </if>
  </update>
  <update id="updateByExample" parameterType="map">
    <!--
      WARNING - @mbg.generated
      This element is automatically generated by MyBatis Generator, do not modify.
      This element was generated on Sun Jun 25 19:29:23 CST 2023.
    -->
    update fenghuang_info_ba_topic
    set id = #{record.id,jdbcType=BIGINT},
      business_id = #{record.businessId,jdbcType=VARCHAR},
      topic_id = #{record.topicId,jdbcType=BIGINT},
      is_funnel = #{record.isFunnel,jdbcType=SMALLINT},
      is_poi_search = #{record.isPoiSearch,jdbcType=SMALLINT},
      poi_dimension_id = #{record.poiDimensionId,jdbcType=VARCHAR},
      is_location = #{record.isLocation,jdbcType=SMALLINT},
      is_strategy_rank = #{record.isStrategyRank,jdbcType=SMALLINT},
      is_deal_search = #{record.isDealSearch,jdbcType=SMALLINT},
      is_partner_search = #{record.isPartnerSearch,jdbcType=SMALLINT},
      is_region_location = #{record.isRegionLocation,jdbcType=SMALLINT},
      is_delete = #{record.isDelete,jdbcType=SMALLINT},
      created_mis = #{record.createdMis,jdbcType=VARCHAR},
      last_update_mis = #{record.lastUpdateMis,jdbcType=VARCHAR},
      created_time = #{record.createdTime,jdbcType=TIMESTAMP},
      update_time = #{record.updateTime,jdbcType=TIMESTAMP}
    <if test="example != null">
      <include refid="Update_By_Example_Where_Clause" />
    </if>
  </update>
</mapper>