<?xml version="1.0" encoding="UTF-8"?>
<!DOCTYPE mapper PUBLIC "-//mybatis.org//DTD Mapper 3.0//EN" "http://mybatis.org/dtd/mybatis-3-mapper.dtd">
<mapper namespace="com.sankuai.tripdatecenter.databp.fenghuang.dao.mapper.ba.auto.BaTopicIndicatorMultiConfigPOMapper">
  <resultMap id="BaseResultMap" type="com.sankuai.tripdatecenter.databp.fenghuang.dao.po.ba.BaTopicIndicatorMultiConfigPO">
    <!--
      WARNING - @mbg.generated
      This element is automatically generated by MyBatis Generator, do not modify.
      This element was generated on Fri Mar 03 16:35:44 CST 2023.
    -->
    <result column="id" jdbcType="BIGINT" property="id" />
    <result column="report_id" jdbcType="BIGINT" property="reportId" />
    <result column="topic_id" jdbcType="BIGINT" property="topicId" />
    <result column="module_id" jdbcType="BIGINT" property="moduleId" />
    <result column="business_id" jdbcType="VARCHAR" property="businessId" />
    <result column="indicator_id" jdbcType="VARCHAR" property="indicatorId" />
    <result column="multi_config_type" jdbcType="VARCHAR" property="multiConfigType" />
    <result column="multi_key" jdbcType="VARCHAR" property="multiKey" />
    <result column="multi_name" jdbcType="VARCHAR" property="multiName" />
    <result column="order_num" jdbcType="INTEGER" property="orderNum" />
    <result column="multi_is_selected" jdbcType="SMALLINT" property="multiIsSelected" />
    <result column="is_delete" jdbcType="SMALLINT" property="isDelete" />
    <result column="created_mis" jdbcType="VARCHAR" property="createdMis" />
    <result column="last_update_mis" jdbcType="VARCHAR" property="lastUpdateMis" />
    <result column="created_time" jdbcType="TIMESTAMP" property="createdTime" />
    <result column="update_time" jdbcType="TIMESTAMP" property="updateTime" />
  </resultMap>
  <sql id="Example_Where_Clause">
    <!--
      WARNING - @mbg.generated
      This element is automatically generated by MyBatis Generator, do not modify.
      This element was generated on Fri Mar 03 16:35:44 CST 2023.
    -->
    <where>
      <foreach collection="oredCriteria" item="criteria" separator="or">
        <if test="criteria.valid">
          <trim prefix="(" prefixOverrides="and" suffix=")">
            <foreach collection="criteria.criteria" item="criterion">
              <choose>
                <when test="criterion.noValue">
                  and ${criterion.condition}
                </when>
                <when test="criterion.singleValue">
                  and ${criterion.condition} #{criterion.value}
                </when>
                <when test="criterion.betweenValue">
                  and ${criterion.condition} #{criterion.value} and #{criterion.secondValue}
                </when>
                <when test="criterion.listValue">
                  and ${criterion.condition}
                  <foreach close=")" collection="criterion.value" item="listItem" open="(" separator=",">
                    #{listItem}
                  </foreach>
                </when>
              </choose>
            </foreach>
          </trim>
        </if>
      </foreach>
    </where>
  </sql>
  <sql id="Update_By_Example_Where_Clause">
    <!--
      WARNING - @mbg.generated
      This element is automatically generated by MyBatis Generator, do not modify.
      This element was generated on Fri Mar 03 16:35:44 CST 2023.
    -->
    <where>
      <foreach collection="example.oredCriteria" item="criteria" separator="or">
        <if test="criteria.valid">
          <trim prefix="(" prefixOverrides="and" suffix=")">
            <foreach collection="criteria.criteria" item="criterion">
              <choose>
                <when test="criterion.noValue">
                  and ${criterion.condition}
                </when>
                <when test="criterion.singleValue">
                  and ${criterion.condition} #{criterion.value}
                </when>
                <when test="criterion.betweenValue">
                  and ${criterion.condition} #{criterion.value} and #{criterion.secondValue}
                </when>
                <when test="criterion.listValue">
                  and ${criterion.condition}
                  <foreach close=")" collection="criterion.value" item="listItem" open="(" separator=",">
                    #{listItem}
                  </foreach>
                </when>
              </choose>
            </foreach>
          </trim>
        </if>
      </foreach>
    </where>
  </sql>
  <sql id="Base_Column_List">
    <!--
      WARNING - @mbg.generated
      This element is automatically generated by MyBatis Generator, do not modify.
      This element was generated on Fri Mar 03 16:35:44 CST 2023.
    -->
    id, report_id, topic_id, module_id, business_id, indicator_id, multi_config_type, 
    multi_key, multi_name, order_num, multi_is_selected, is_delete, created_mis, last_update_mis, 
    created_time, update_time
  </sql>
  <select id="selectByExample" parameterType="com.sankuai.tripdatecenter.databp.fenghuang.dao.po.ba.example.BaTopicIndicatorMultiConfigPOExample" resultMap="BaseResultMap">
    <!--
      WARNING - @mbg.generated
      This element is automatically generated by MyBatis Generator, do not modify.
      This element was generated on Fri Mar 03 16:35:44 CST 2023.
    -->
    select
    <if test="distinct">
      distinct
    </if>
    <include refid="Base_Column_List" />
    from fenghuang_info_ba_topic_indicator_multi_config
    <if test="_parameter != null">
      <include refid="Example_Where_Clause" />
    </if>
    <if test="orderByClause != null">
      order by ${orderByClause}
    </if>
  </select>
  <delete id="deleteByExample" parameterType="com.sankuai.tripdatecenter.databp.fenghuang.dao.po.ba.example.BaTopicIndicatorMultiConfigPOExample">
    <!--
      WARNING - @mbg.generated
      This element is automatically generated by MyBatis Generator, do not modify.
      This element was generated on Fri Mar 03 16:35:44 CST 2023.
    -->
    delete from fenghuang_info_ba_topic_indicator_multi_config
    <if test="_parameter != null">
      <include refid="Example_Where_Clause" />
    </if>
  </delete>
  <insert id="insert" parameterType="com.sankuai.tripdatecenter.databp.fenghuang.dao.po.ba.BaTopicIndicatorMultiConfigPO">
    <!--
      WARNING - @mbg.generated
      This element is automatically generated by MyBatis Generator, do not modify.
      This element was generated on Fri Mar 03 16:35:44 CST 2023.
    -->
    <selectKey keyProperty="id" order="AFTER" resultType="java.lang.Long">
      SELECT LAST_INSERT_ID()
    </selectKey>
    insert into fenghuang_info_ba_topic_indicator_multi_config (report_id, topic_id, module_id, 
      business_id, indicator_id, multi_config_type, 
      multi_key, multi_name, order_num, 
      multi_is_selected, is_delete, created_mis, 
      last_update_mis, created_time, update_time
      )
    values (#{reportId,jdbcType=BIGINT}, #{topicId,jdbcType=BIGINT}, #{moduleId,jdbcType=BIGINT}, 
      #{businessId,jdbcType=VARCHAR}, #{indicatorId,jdbcType=VARCHAR}, #{multiConfigType,jdbcType=VARCHAR}, 
      #{multiKey,jdbcType=VARCHAR}, #{multiName,jdbcType=VARCHAR}, #{orderNum,jdbcType=INTEGER}, 
      #{multiIsSelected,jdbcType=SMALLINT}, #{isDelete,jdbcType=SMALLINT}, #{createdMis,jdbcType=VARCHAR}, 
      #{lastUpdateMis,jdbcType=VARCHAR}, #{createdTime,jdbcType=TIMESTAMP}, #{updateTime,jdbcType=TIMESTAMP}
      )
  </insert>
  <insert id="insertSelective" parameterType="com.sankuai.tripdatecenter.databp.fenghuang.dao.po.ba.BaTopicIndicatorMultiConfigPO">
    <!--
      WARNING - @mbg.generated
      This element is automatically generated by MyBatis Generator, do not modify.
      This element was generated on Fri Mar 03 16:35:44 CST 2023.
    -->
    <selectKey keyProperty="id" order="AFTER" resultType="java.lang.Long">
      SELECT LAST_INSERT_ID()
    </selectKey>
    insert into fenghuang_info_ba_topic_indicator_multi_config
    <trim prefix="(" suffix=")" suffixOverrides=",">
      <if test="reportId != null">
        report_id,
      </if>
      <if test="topicId != null">
        topic_id,
      </if>
      <if test="moduleId != null">
        module_id,
      </if>
      <if test="businessId != null">
        business_id,
      </if>
      <if test="indicatorId != null">
        indicator_id,
      </if>
      <if test="multiConfigType != null">
        multi_config_type,
      </if>
      <if test="multiKey != null">
        multi_key,
      </if>
      <if test="multiName != null">
        multi_name,
      </if>
      <if test="orderNum != null">
        order_num,
      </if>
      <if test="multiIsSelected != null">
        multi_is_selected,
      </if>
      <if test="isDelete != null">
        is_delete,
      </if>
      <if test="createdMis != null">
        created_mis,
      </if>
      <if test="lastUpdateMis != null">
        last_update_mis,
      </if>
      <if test="createdTime != null">
        created_time,
      </if>
      <if test="updateTime != null">
        update_time,
      </if>
    </trim>
    <trim prefix="values (" suffix=")" suffixOverrides=",">
      <if test="reportId != null">
        #{reportId,jdbcType=BIGINT},
      </if>
      <if test="topicId != null">
        #{topicId,jdbcType=BIGINT},
      </if>
      <if test="moduleId != null">
        #{moduleId,jdbcType=BIGINT},
      </if>
      <if test="businessId != null">
        #{businessId,jdbcType=VARCHAR},
      </if>
      <if test="indicatorId != null">
        #{indicatorId,jdbcType=VARCHAR},
      </if>
      <if test="multiConfigType != null">
        #{multiConfigType,jdbcType=VARCHAR},
      </if>
      <if test="multiKey != null">
        #{multiKey,jdbcType=VARCHAR},
      </if>
      <if test="multiName != null">
        #{multiName,jdbcType=VARCHAR},
      </if>
      <if test="orderNum != null">
        #{orderNum,jdbcType=INTEGER},
      </if>
      <if test="multiIsSelected != null">
        #{multiIsSelected,jdbcType=SMALLINT},
      </if>
      <if test="isDelete != null">
        #{isDelete,jdbcType=SMALLINT},
      </if>
      <if test="createdMis != null">
        #{createdMis,jdbcType=VARCHAR},
      </if>
      <if test="lastUpdateMis != null">
        #{lastUpdateMis,jdbcType=VARCHAR},
      </if>
      <if test="createdTime != null">
        #{createdTime,jdbcType=TIMESTAMP},
      </if>
      <if test="updateTime != null">
        #{updateTime,jdbcType=TIMESTAMP},
      </if>
    </trim>
  </insert>
  <select id="countByExample" parameterType="com.sankuai.tripdatecenter.databp.fenghuang.dao.po.ba.example.BaTopicIndicatorMultiConfigPOExample" resultType="java.lang.Long">
    <!--
      WARNING - @mbg.generated
      This element is automatically generated by MyBatis Generator, do not modify.
      This element was generated on Fri Mar 03 16:35:44 CST 2023.
    -->
    select count(*) from fenghuang_info_ba_topic_indicator_multi_config
    <if test="_parameter != null">
      <include refid="Example_Where_Clause" />
    </if>
  </select>
  <update id="updateByExampleSelective" parameterType="map">
    <!--
      WARNING - @mbg.generated
      This element is automatically generated by MyBatis Generator, do not modify.
      This element was generated on Fri Mar 03 16:35:44 CST 2023.
    -->
    update fenghuang_info_ba_topic_indicator_multi_config
    <set>
      <if test="record.id != null">
        id = #{record.id,jdbcType=BIGINT},
      </if>
      <if test="record.reportId != null">
        report_id = #{record.reportId,jdbcType=BIGINT},
      </if>
      <if test="record.topicId != null">
        topic_id = #{record.topicId,jdbcType=BIGINT},
      </if>
      <if test="record.moduleId != null">
        module_id = #{record.moduleId,jdbcType=BIGINT},
      </if>
      <if test="record.businessId != null">
        business_id = #{record.businessId,jdbcType=VARCHAR},
      </if>
      <if test="record.indicatorId != null">
        indicator_id = #{record.indicatorId,jdbcType=VARCHAR},
      </if>
      <if test="record.multiConfigType != null">
        multi_config_type = #{record.multiConfigType,jdbcType=VARCHAR},
      </if>
      <if test="record.multiKey != null">
        multi_key = #{record.multiKey,jdbcType=VARCHAR},
      </if>
      <if test="record.multiName != null">
        multi_name = #{record.multiName,jdbcType=VARCHAR},
      </if>
      <if test="record.orderNum != null">
        order_num = #{record.orderNum,jdbcType=INTEGER},
      </if>
      <if test="record.multiIsSelected != null">
        multi_is_selected = #{record.multiIsSelected,jdbcType=SMALLINT},
      </if>
      <if test="record.isDelete != null">
        is_delete = #{record.isDelete,jdbcType=SMALLINT},
      </if>
      <if test="record.createdMis != null">
        created_mis = #{record.createdMis,jdbcType=VARCHAR},
      </if>
      <if test="record.lastUpdateMis != null">
        last_update_mis = #{record.lastUpdateMis,jdbcType=VARCHAR},
      </if>
      <if test="record.createdTime != null">
        created_time = #{record.createdTime,jdbcType=TIMESTAMP},
      </if>
      <if test="record.updateTime != null">
        update_time = #{record.updateTime,jdbcType=TIMESTAMP},
      </if>
    </set>
    <if test="example != null">
      <include refid="Update_By_Example_Where_Clause" />
    </if>
  </update>
  <update id="updateByExample" parameterType="map">
    <!--
      WARNING - @mbg.generated
      This element is automatically generated by MyBatis Generator, do not modify.
      This element was generated on Fri Mar 03 16:35:44 CST 2023.
    -->
    update fenghuang_info_ba_topic_indicator_multi_config
    set id = #{record.id,jdbcType=BIGINT},
      report_id = #{record.reportId,jdbcType=BIGINT},
      topic_id = #{record.topicId,jdbcType=BIGINT},
      module_id = #{record.moduleId,jdbcType=BIGINT},
      business_id = #{record.businessId,jdbcType=VARCHAR},
      indicator_id = #{record.indicatorId,jdbcType=VARCHAR},
      multi_config_type = #{record.multiConfigType,jdbcType=VARCHAR},
      multi_key = #{record.multiKey,jdbcType=VARCHAR},
      multi_name = #{record.multiName,jdbcType=VARCHAR},
      order_num = #{record.orderNum,jdbcType=INTEGER},
      multi_is_selected = #{record.multiIsSelected,jdbcType=SMALLINT},
      is_delete = #{record.isDelete,jdbcType=SMALLINT},
      created_mis = #{record.createdMis,jdbcType=VARCHAR},
      last_update_mis = #{record.lastUpdateMis,jdbcType=VARCHAR},
      created_time = #{record.createdTime,jdbcType=TIMESTAMP},
      update_time = #{record.updateTime,jdbcType=TIMESTAMP}
    <if test="example != null">
      <include refid="Update_By_Example_Where_Clause" />
    </if>
  </update>
</mapper>