<?xml version="1.0" encoding="UTF-8"?>
<!DOCTYPE mapper PUBLIC "-//mybatis.org//DTD Mapper 3.0//EN" "http://mybatis.org/dtd/mybatis-3-mapper.dtd">
<mapper namespace="com.sankuai.tripdatecenter.databp.fenghuang.dao.mapper.ba.auto.BaTopicDimensionAuthPOMapper">
  <resultMap id="BaseResultMap" type="com.sankuai.tripdatecenter.databp.fenghuang.dao.po.ba.BaTopicDimensionAuthPO">
    <!--
      WARNING - @mbg.generated
      This element is automatically generated by MyBatis Generator, do not modify.
      This element was generated on Tue May 16 17:46:51 CST 2023.
    -->
    <result column="id" jdbcType="BIGINT" property="id" />
    <result column="dimension_id" jdbcType="VARCHAR" property="dimensionId" />
    <result column="topic_id" jdbcType="BIGINT" property="topicId" />
    <result column="business_id" jdbcType="VARCHAR" property="businessId" />
    <result column="is_auth" jdbcType="SMALLINT" property="isAuth" />
    <result column="auth_source_code" jdbcType="VARCHAR" property="authSourceCode" />
    <result column="is_delete" jdbcType="SMALLINT" property="isDelete" />
    <result column="created_mis" jdbcType="VARCHAR" property="createdMis" />
    <result column="last_update_mis" jdbcType="VARCHAR" property="lastUpdateMis" />
    <result column="created_time" jdbcType="TIMESTAMP" property="createdTime" />
    <result column="update_time" jdbcType="TIMESTAMP" property="updateTime" />
  </resultMap>
  <sql id="Example_Where_Clause">
    <!--
      WARNING - @mbg.generated
      This element is automatically generated by MyBatis Generator, do not modify.
      This element was generated on Tue May 16 17:46:51 CST 2023.
    -->
    <where>
      <foreach collection="oredCriteria" item="criteria" separator="or">
        <if test="criteria.valid">
          <trim prefix="(" prefixOverrides="and" suffix=")">
            <foreach collection="criteria.criteria" item="criterion">
              <choose>
                <when test="criterion.noValue">
                  and ${criterion.condition}
                </when>
                <when test="criterion.singleValue">
                  and ${criterion.condition} #{criterion.value}
                </when>
                <when test="criterion.betweenValue">
                  and ${criterion.condition} #{criterion.value} and #{criterion.secondValue}
                </when>
                <when test="criterion.listValue">
                  and ${criterion.condition}
                  <foreach close=")" collection="criterion.value" item="listItem" open="(" separator=",">
                    #{listItem}
                  </foreach>
                </when>
              </choose>
            </foreach>
          </trim>
        </if>
      </foreach>
    </where>
  </sql>
  <sql id="Update_By_Example_Where_Clause">
    <!--
      WARNING - @mbg.generated
      This element is automatically generated by MyBatis Generator, do not modify.
      This element was generated on Tue May 16 17:46:51 CST 2023.
    -->
    <where>
      <foreach collection="example.oredCriteria" item="criteria" separator="or">
        <if test="criteria.valid">
          <trim prefix="(" prefixOverrides="and" suffix=")">
            <foreach collection="criteria.criteria" item="criterion">
              <choose>
                <when test="criterion.noValue">
                  and ${criterion.condition}
                </when>
                <when test="criterion.singleValue">
                  and ${criterion.condition} #{criterion.value}
                </when>
                <when test="criterion.betweenValue">
                  and ${criterion.condition} #{criterion.value} and #{criterion.secondValue}
                </when>
                <when test="criterion.listValue">
                  and ${criterion.condition}
                  <foreach close=")" collection="criterion.value" item="listItem" open="(" separator=",">
                    #{listItem}
                  </foreach>
                </when>
              </choose>
            </foreach>
          </trim>
        </if>
      </foreach>
    </where>
  </sql>
  <sql id="Base_Column_List">
    <!--
      WARNING - @mbg.generated
      This element is automatically generated by MyBatis Generator, do not modify.
      This element was generated on Tue May 16 17:46:51 CST 2023.
    -->
    id, dimension_id, topic_id, business_id, is_auth, auth_source_code, is_delete, created_mis, 
    last_update_mis, created_time, update_time
  </sql>
  <select id="selectByExample" parameterType="com.sankuai.tripdatecenter.databp.fenghuang.dao.po.ba.example.BaTopicDimensionAuthPOExample" resultMap="BaseResultMap">
    <!--
      WARNING - @mbg.generated
      This element is automatically generated by MyBatis Generator, do not modify.
      This element was generated on Tue May 16 17:46:51 CST 2023.
    -->
    select
    <if test="distinct">
      distinct
    </if>
    <include refid="Base_Column_List" />
    from fenghuang_info_ba_topic_dimension_auth
    <if test="_parameter != null">
      <include refid="Example_Where_Clause" />
    </if>
    <if test="orderByClause != null">
      order by ${orderByClause}
    </if>
  </select>
  <delete id="deleteByExample" parameterType="com.sankuai.tripdatecenter.databp.fenghuang.dao.po.ba.example.BaTopicDimensionAuthPOExample">
    <!--
      WARNING - @mbg.generated
      This element is automatically generated by MyBatis Generator, do not modify.
      This element was generated on Tue May 16 17:46:51 CST 2023.
    -->
    delete from fenghuang_info_ba_topic_dimension_auth
    <if test="_parameter != null">
      <include refid="Example_Where_Clause" />
    </if>
  </delete>
  <insert id="insert" parameterType="com.sankuai.tripdatecenter.databp.fenghuang.dao.po.ba.BaTopicDimensionAuthPO">
    <!--
      WARNING - @mbg.generated
      This element is automatically generated by MyBatis Generator, do not modify.
      This element was generated on Tue May 16 17:46:51 CST 2023.
    -->
    <selectKey keyProperty="id" order="AFTER" resultType="java.lang.Long">
      SELECT LAST_INSERT_ID()
    </selectKey>
    insert into fenghuang_info_ba_topic_dimension_auth (dimension_id, topic_id, business_id, 
      is_auth, auth_source_code, is_delete, 
      created_mis, last_update_mis, created_time, 
      update_time)
    values (#{dimensionId,jdbcType=VARCHAR}, #{topicId,jdbcType=BIGINT}, #{businessId,jdbcType=VARCHAR}, 
      #{isAuth,jdbcType=SMALLINT}, #{authSourceCode,jdbcType=VARCHAR}, #{isDelete,jdbcType=SMALLINT}, 
      #{createdMis,jdbcType=VARCHAR}, #{lastUpdateMis,jdbcType=VARCHAR}, #{createdTime,jdbcType=TIMESTAMP}, 
      #{updateTime,jdbcType=TIMESTAMP})
  </insert>
  <insert id="insertSelective" parameterType="com.sankuai.tripdatecenter.databp.fenghuang.dao.po.ba.BaTopicDimensionAuthPO">
    <!--
      WARNING - @mbg.generated
      This element is automatically generated by MyBatis Generator, do not modify.
      This element was generated on Tue May 16 17:46:51 CST 2023.
    -->
    <selectKey keyProperty="id" order="AFTER" resultType="java.lang.Long">
      SELECT LAST_INSERT_ID()
    </selectKey>
    insert into fenghuang_info_ba_topic_dimension_auth
    <trim prefix="(" suffix=")" suffixOverrides=",">
      <if test="dimensionId != null">
        dimension_id,
      </if>
      <if test="topicId != null">
        topic_id,
      </if>
      <if test="businessId != null">
        business_id,
      </if>
      <if test="isAuth != null">
        is_auth,
      </if>
      <if test="authSourceCode != null">
        auth_source_code,
      </if>
      <if test="isDelete != null">
        is_delete,
      </if>
      <if test="createdMis != null">
        created_mis,
      </if>
      <if test="lastUpdateMis != null">
        last_update_mis,
      </if>
      <if test="createdTime != null">
        created_time,
      </if>
      <if test="updateTime != null">
        update_time,
      </if>
    </trim>
    <trim prefix="values (" suffix=")" suffixOverrides=",">
      <if test="dimensionId != null">
        #{dimensionId,jdbcType=VARCHAR},
      </if>
      <if test="topicId != null">
        #{topicId,jdbcType=BIGINT},
      </if>
      <if test="businessId != null">
        #{businessId,jdbcType=VARCHAR},
      </if>
      <if test="isAuth != null">
        #{isAuth,jdbcType=SMALLINT},
      </if>
      <if test="authSourceCode != null">
        #{authSourceCode,jdbcType=VARCHAR},
      </if>
      <if test="isDelete != null">
        #{isDelete,jdbcType=SMALLINT},
      </if>
      <if test="createdMis != null">
        #{createdMis,jdbcType=VARCHAR},
      </if>
      <if test="lastUpdateMis != null">
        #{lastUpdateMis,jdbcType=VARCHAR},
      </if>
      <if test="createdTime != null">
        #{createdTime,jdbcType=TIMESTAMP},
      </if>
      <if test="updateTime != null">
        #{updateTime,jdbcType=TIMESTAMP},
      </if>
    </trim>
  </insert>
  <select id="countByExample" parameterType="com.sankuai.tripdatecenter.databp.fenghuang.dao.po.ba.example.BaTopicDimensionAuthPOExample" resultType="java.lang.Long">
    <!--
      WARNING - @mbg.generated
      This element is automatically generated by MyBatis Generator, do not modify.
      This element was generated on Tue May 16 17:46:51 CST 2023.
    -->
    select count(*) from fenghuang_info_ba_topic_dimension_auth
    <if test="_parameter != null">
      <include refid="Example_Where_Clause" />
    </if>
  </select>
  <update id="updateByExampleSelective" parameterType="map">
    <!--
      WARNING - @mbg.generated
      This element is automatically generated by MyBatis Generator, do not modify.
      This element was generated on Tue May 16 17:46:51 CST 2023.
    -->
    update fenghuang_info_ba_topic_dimension_auth
    <set>
      <if test="record.id != null">
        id = #{record.id,jdbcType=BIGINT},
      </if>
      <if test="record.dimensionId != null">
        dimension_id = #{record.dimensionId,jdbcType=VARCHAR},
      </if>
      <if test="record.topicId != null">
        topic_id = #{record.topicId,jdbcType=BIGINT},
      </if>
      <if test="record.businessId != null">
        business_id = #{record.businessId,jdbcType=VARCHAR},
      </if>
      <if test="record.isAuth != null">
        is_auth = #{record.isAuth,jdbcType=SMALLINT},
      </if>
      <if test="record.authSourceCode != null">
        auth_source_code = #{record.authSourceCode,jdbcType=VARCHAR},
      </if>
      <if test="record.isDelete != null">
        is_delete = #{record.isDelete,jdbcType=SMALLINT},
      </if>
      <if test="record.createdMis != null">
        created_mis = #{record.createdMis,jdbcType=VARCHAR},
      </if>
      <if test="record.lastUpdateMis != null">
        last_update_mis = #{record.lastUpdateMis,jdbcType=VARCHAR},
      </if>
      <if test="record.createdTime != null">
        created_time = #{record.createdTime,jdbcType=TIMESTAMP},
      </if>
      <if test="record.updateTime != null">
        update_time = #{record.updateTime,jdbcType=TIMESTAMP},
      </if>
    </set>
    <if test="example != null">
      <include refid="Update_By_Example_Where_Clause" />
    </if>
  </update>
  <update id="updateByExample" parameterType="map">
    <!--
      WARNING - @mbg.generated
      This element is automatically generated by MyBatis Generator, do not modify.
      This element was generated on Tue May 16 17:46:51 CST 2023.
    -->
    update fenghuang_info_ba_topic_dimension_auth
    set id = #{record.id,jdbcType=BIGINT},
      dimension_id = #{record.dimensionId,jdbcType=VARCHAR},
      topic_id = #{record.topicId,jdbcType=BIGINT},
      business_id = #{record.businessId,jdbcType=VARCHAR},
      is_auth = #{record.isAuth,jdbcType=SMALLINT},
      auth_source_code = #{record.authSourceCode,jdbcType=VARCHAR},
      is_delete = #{record.isDelete,jdbcType=SMALLINT},
      created_mis = #{record.createdMis,jdbcType=VARCHAR},
      last_update_mis = #{record.lastUpdateMis,jdbcType=VARCHAR},
      created_time = #{record.createdTime,jdbcType=TIMESTAMP},
      update_time = #{record.updateTime,jdbcType=TIMESTAMP}
    <if test="example != null">
      <include refid="Update_By_Example_Where_Clause" />
    </if>
  </update>
</mapper>