<?xml version="1.0" encoding="UTF-8"?>
<!DOCTYPE mapper PUBLIC "-//mybatis.org//DTD Mapper 3.0//EN" "http://mybatis.org/dtd/mybatis-3-mapper.dtd">
<mapper namespace="com.sankuai.tripdatecenter.databp.fenghuang.dao.mapper.ba.auto.BaTopicIndicatorPOMapper">
  <resultMap id="BaseResultMap" type="com.sankuai.tripdatecenter.databp.fenghuang.dao.po.ba.BaTopicIndicatorPO">
    <!--
      WARNING - @mbg.generated
      This element is automatically generated by MyBatis Generator, do not modify.
      This element was generated on Fri Mar 17 16:38:50 CST 2023.
    -->
    <result column="id" jdbcType="BIGINT" property="id" />
    <result column="report_id" jdbcType="BIGINT" property="reportId" />
    <result column="topic_id" jdbcType="BIGINT" property="topicId" />
    <result column="module_id" jdbcType="BIGINT" property="moduleId" />
    <result column="business_id" jdbcType="VARCHAR" property="businessId" />
    <result column="indicator_id" jdbcType="VARCHAR" property="indicatorId" />
    <result column="indicator_alias" jdbcType="VARCHAR" property="indicatorAlias" />
    <result column="indicator_tag" jdbcType="VARCHAR" property="indicatorTag" />
    <result column="value_digit" jdbcType="INTEGER" property="valueDigit" />
    <result column="rate_value_digit" jdbcType="INTEGER" property="rateValueDigit" />
    <result column="value_type" jdbcType="VARCHAR" property="valueType" />
    <result column="rate_value_type" jdbcType="VARCHAR" property="rateValueType" />
    <result column="order_num" jdbcType="INTEGER" property="orderNum" />
    <result column="app_source" jdbcType="INTEGER" property="appSource" />
    <result column="app_id" jdbcType="BIGINT" property="appId" />
    <result column="value_unit" jdbcType="VARCHAR" property="valueUnit" />
    <result column="rate_value_unit" jdbcType="VARCHAR" property="rateValueUnit" />
    <result column="ks_separation" jdbcType="SMALLINT" property="ksSeparation" />
    <result column="yoy_display" jdbcType="SMALLINT" property="yoyDisplay" />
    <result column="is_key" jdbcType="SMALLINT" property="isKey" />
    <result column="is_trend" jdbcType="SMALLINT" property="isTrend" />
    <result column="is_dim_reduce" jdbcType="SMALLINT" property="isDimReduce" />
    <result column="is_detail" jdbcType="SMALLINT" property="isDetail" />
    <result column="is_delete" jdbcType="SMALLINT" property="isDelete" />
    <result column="created_mis" jdbcType="VARCHAR" property="createdMis" />
    <result column="last_update_mis" jdbcType="VARCHAR" property="lastUpdateMis" />
    <result column="created_time" jdbcType="TIMESTAMP" property="createdTime" />
    <result column="update_time" jdbcType="TIMESTAMP" property="updateTime" />
  </resultMap>
  <sql id="Example_Where_Clause">
    <!--
      WARNING - @mbg.generated
      This element is automatically generated by MyBatis Generator, do not modify.
      This element was generated on Fri Mar 17 16:38:50 CST 2023.
    -->
    <where>
      <foreach collection="oredCriteria" item="criteria" separator="or">
        <if test="criteria.valid">
          <trim prefix="(" prefixOverrides="and" suffix=")">
            <foreach collection="criteria.criteria" item="criterion">
              <choose>
                <when test="criterion.noValue">
                  and ${criterion.condition}
                </when>
                <when test="criterion.singleValue">
                  and ${criterion.condition} #{criterion.value}
                </when>
                <when test="criterion.betweenValue">
                  and ${criterion.condition} #{criterion.value} and #{criterion.secondValue}
                </when>
                <when test="criterion.listValue">
                  and ${criterion.condition}
                  <foreach close=")" collection="criterion.value" item="listItem" open="(" separator=",">
                    #{listItem}
                  </foreach>
                </when>
              </choose>
            </foreach>
          </trim>
        </if>
      </foreach>
    </where>
  </sql>
  <sql id="Update_By_Example_Where_Clause">
    <!--
      WARNING - @mbg.generated
      This element is automatically generated by MyBatis Generator, do not modify.
      This element was generated on Fri Mar 17 16:38:50 CST 2023.
    -->
    <where>
      <foreach collection="example.oredCriteria" item="criteria" separator="or">
        <if test="criteria.valid">
          <trim prefix="(" prefixOverrides="and" suffix=")">
            <foreach collection="criteria.criteria" item="criterion">
              <choose>
                <when test="criterion.noValue">
                  and ${criterion.condition}
                </when>
                <when test="criterion.singleValue">
                  and ${criterion.condition} #{criterion.value}
                </when>
                <when test="criterion.betweenValue">
                  and ${criterion.condition} #{criterion.value} and #{criterion.secondValue}
                </when>
                <when test="criterion.listValue">
                  and ${criterion.condition}
                  <foreach close=")" collection="criterion.value" item="listItem" open="(" separator=",">
                    #{listItem}
                  </foreach>
                </when>
              </choose>
            </foreach>
          </trim>
        </if>
      </foreach>
    </where>
  </sql>
  <sql id="Base_Column_List">
    <!--
      WARNING - @mbg.generated
      This element is automatically generated by MyBatis Generator, do not modify.
      This element was generated on Fri Mar 17 16:38:50 CST 2023.
    -->
    id, report_id, topic_id, module_id, business_id, indicator_id, indicator_alias, indicator_tag, 
    value_digit, rate_value_digit, value_type, rate_value_type, order_num, app_source, 
    app_id, value_unit, rate_value_unit, ks_separation, yoy_display, is_key, is_trend, 
    is_dim_reduce, is_detail, is_delete, created_mis, last_update_mis, created_time, 
    update_time
  </sql>
  <select id="selectByExample" parameterType="com.sankuai.tripdatecenter.databp.fenghuang.dao.po.ba.example.BaTopicIndicatorPOExample" resultMap="BaseResultMap">
    <!--
      WARNING - @mbg.generated
      This element is automatically generated by MyBatis Generator, do not modify.
      This element was generated on Fri Mar 17 16:38:50 CST 2023.
    -->
    select
    <if test="distinct">
      distinct
    </if>
    <include refid="Base_Column_List" />
    from fenghuang_info_ba_topic_indicator
    <if test="_parameter != null">
      <include refid="Example_Where_Clause" />
    </if>
    <if test="orderByClause != null">
      order by ${orderByClause}
    </if>
  </select>
  <delete id="deleteByExample" parameterType="com.sankuai.tripdatecenter.databp.fenghuang.dao.po.ba.example.BaTopicIndicatorPOExample">
    <!--
      WARNING - @mbg.generated
      This element is automatically generated by MyBatis Generator, do not modify.
      This element was generated on Fri Mar 17 16:38:50 CST 2023.
    -->
    delete from fenghuang_info_ba_topic_indicator
    <if test="_parameter != null">
      <include refid="Example_Where_Clause" />
    </if>
  </delete>
  <insert id="insert" parameterType="com.sankuai.tripdatecenter.databp.fenghuang.dao.po.ba.BaTopicIndicatorPO">
    <!--
      WARNING - @mbg.generated
      This element is automatically generated by MyBatis Generator, do not modify.
      This element was generated on Fri Mar 17 16:38:50 CST 2023.
    -->
    <selectKey keyProperty="id" order="AFTER" resultType="java.lang.Long">
      SELECT LAST_INSERT_ID()
    </selectKey>
    insert into fenghuang_info_ba_topic_indicator (report_id, topic_id, module_id, 
      business_id, indicator_id, indicator_alias, 
      indicator_tag, value_digit, rate_value_digit, 
      value_type, rate_value_type, order_num, 
      app_source, app_id, value_unit, 
      rate_value_unit, ks_separation, yoy_display, 
      is_key, is_trend, is_dim_reduce, 
      is_detail, is_delete, created_mis, 
      last_update_mis, created_time, update_time
      )
    values (#{reportId,jdbcType=BIGINT}, #{topicId,jdbcType=BIGINT}, #{moduleId,jdbcType=BIGINT}, 
      #{businessId,jdbcType=VARCHAR}, #{indicatorId,jdbcType=VARCHAR}, #{indicatorAlias,jdbcType=VARCHAR}, 
      #{indicatorTag,jdbcType=VARCHAR}, #{valueDigit,jdbcType=INTEGER}, #{rateValueDigit,jdbcType=INTEGER}, 
      #{valueType,jdbcType=VARCHAR}, #{rateValueType,jdbcType=VARCHAR}, #{orderNum,jdbcType=INTEGER}, 
      #{appSource,jdbcType=INTEGER}, #{appId,jdbcType=BIGINT}, #{valueUnit,jdbcType=VARCHAR}, 
      #{rateValueUnit,jdbcType=VARCHAR}, #{ksSeparation,jdbcType=SMALLINT}, #{yoyDisplay,jdbcType=SMALLINT}, 
      #{isKey,jdbcType=SMALLINT}, #{isTrend,jdbcType=SMALLINT}, #{isDimReduce,jdbcType=SMALLINT}, 
      #{isDetail,jdbcType=SMALLINT}, #{isDelete,jdbcType=SMALLINT}, #{createdMis,jdbcType=VARCHAR}, 
      #{lastUpdateMis,jdbcType=VARCHAR}, #{createdTime,jdbcType=TIMESTAMP}, #{updateTime,jdbcType=TIMESTAMP}
      )
  </insert>
  <insert id="insertSelective" parameterType="com.sankuai.tripdatecenter.databp.fenghuang.dao.po.ba.BaTopicIndicatorPO">
    <!--
      WARNING - @mbg.generated
      This element is automatically generated by MyBatis Generator, do not modify.
      This element was generated on Fri Mar 17 16:38:50 CST 2023.
    -->
    <selectKey keyProperty="id" order="AFTER" resultType="java.lang.Long">
      SELECT LAST_INSERT_ID()
    </selectKey>
    insert into fenghuang_info_ba_topic_indicator
    <trim prefix="(" suffix=")" suffixOverrides=",">
      <if test="reportId != null">
        report_id,
      </if>
      <if test="topicId != null">
        topic_id,
      </if>
      <if test="moduleId != null">
        module_id,
      </if>
      <if test="businessId != null">
        business_id,
      </if>
      <if test="indicatorId != null">
        indicator_id,
      </if>
      <if test="indicatorAlias != null">
        indicator_alias,
      </if>
      <if test="indicatorTag != null">
        indicator_tag,
      </if>
      <if test="valueDigit != null">
        value_digit,
      </if>
      <if test="rateValueDigit != null">
        rate_value_digit,
      </if>
      <if test="valueType != null">
        value_type,
      </if>
      <if test="rateValueType != null">
        rate_value_type,
      </if>
      <if test="orderNum != null">
        order_num,
      </if>
      <if test="appSource != null">
        app_source,
      </if>
      <if test="appId != null">
        app_id,
      </if>
      <if test="valueUnit != null">
        value_unit,
      </if>
      <if test="rateValueUnit != null">
        rate_value_unit,
      </if>
      <if test="ksSeparation != null">
        ks_separation,
      </if>
      <if test="yoyDisplay != null">
        yoy_display,
      </if>
      <if test="isKey != null">
        is_key,
      </if>
      <if test="isTrend != null">
        is_trend,
      </if>
      <if test="isDimReduce != null">
        is_dim_reduce,
      </if>
      <if test="isDetail != null">
        is_detail,
      </if>
      <if test="isDelete != null">
        is_delete,
      </if>
      <if test="createdMis != null">
        created_mis,
      </if>
      <if test="lastUpdateMis != null">
        last_update_mis,
      </if>
      <if test="createdTime != null">
        created_time,
      </if>
      <if test="updateTime != null">
        update_time,
      </if>
    </trim>
    <trim prefix="values (" suffix=")" suffixOverrides=",">
      <if test="reportId != null">
        #{reportId,jdbcType=BIGINT},
      </if>
      <if test="topicId != null">
        #{topicId,jdbcType=BIGINT},
      </if>
      <if test="moduleId != null">
        #{moduleId,jdbcType=BIGINT},
      </if>
      <if test="businessId != null">
        #{businessId,jdbcType=VARCHAR},
      </if>
      <if test="indicatorId != null">
        #{indicatorId,jdbcType=VARCHAR},
      </if>
      <if test="indicatorAlias != null">
        #{indicatorAlias,jdbcType=VARCHAR},
      </if>
      <if test="indicatorTag != null">
        #{indicatorTag,jdbcType=VARCHAR},
      </if>
      <if test="valueDigit != null">
        #{valueDigit,jdbcType=INTEGER},
      </if>
      <if test="rateValueDigit != null">
        #{rateValueDigit,jdbcType=INTEGER},
      </if>
      <if test="valueType != null">
        #{valueType,jdbcType=VARCHAR},
      </if>
      <if test="rateValueType != null">
        #{rateValueType,jdbcType=VARCHAR},
      </if>
      <if test="orderNum != null">
        #{orderNum,jdbcType=INTEGER},
      </if>
      <if test="appSource != null">
        #{appSource,jdbcType=INTEGER},
      </if>
      <if test="appId != null">
        #{appId,jdbcType=BIGINT},
      </if>
      <if test="valueUnit != null">
        #{valueUnit,jdbcType=VARCHAR},
      </if>
      <if test="rateValueUnit != null">
        #{rateValueUnit,jdbcType=VARCHAR},
      </if>
      <if test="ksSeparation != null">
        #{ksSeparation,jdbcType=SMALLINT},
      </if>
      <if test="yoyDisplay != null">
        #{yoyDisplay,jdbcType=SMALLINT},
      </if>
      <if test="isKey != null">
        #{isKey,jdbcType=SMALLINT},
      </if>
      <if test="isTrend != null">
        #{isTrend,jdbcType=SMALLINT},
      </if>
      <if test="isDimReduce != null">
        #{isDimReduce,jdbcType=SMALLINT},
      </if>
      <if test="isDetail != null">
        #{isDetail,jdbcType=SMALLINT},
      </if>
      <if test="isDelete != null">
        #{isDelete,jdbcType=SMALLINT},
      </if>
      <if test="createdMis != null">
        #{createdMis,jdbcType=VARCHAR},
      </if>
      <if test="lastUpdateMis != null">
        #{lastUpdateMis,jdbcType=VARCHAR},
      </if>
      <if test="createdTime != null">
        #{createdTime,jdbcType=TIMESTAMP},
      </if>
      <if test="updateTime != null">
        #{updateTime,jdbcType=TIMESTAMP},
      </if>
    </trim>
  </insert>
  <select id="countByExample" parameterType="com.sankuai.tripdatecenter.databp.fenghuang.dao.po.ba.example.BaTopicIndicatorPOExample" resultType="java.lang.Long">
    <!--
      WARNING - @mbg.generated
      This element is automatically generated by MyBatis Generator, do not modify.
      This element was generated on Fri Mar 17 16:38:50 CST 2023.
    -->
    select count(*) from fenghuang_info_ba_topic_indicator
    <if test="_parameter != null">
      <include refid="Example_Where_Clause" />
    </if>
  </select>
  <update id="updateByExampleSelective" parameterType="map">
    <!--
      WARNING - @mbg.generated
      This element is automatically generated by MyBatis Generator, do not modify.
      This element was generated on Fri Mar 17 16:38:50 CST 2023.
    -->
    update fenghuang_info_ba_topic_indicator
    <set>
      <if test="record.id != null">
        id = #{record.id,jdbcType=BIGINT},
      </if>
      <if test="record.reportId != null">
        report_id = #{record.reportId,jdbcType=BIGINT},
      </if>
      <if test="record.topicId != null">
        topic_id = #{record.topicId,jdbcType=BIGINT},
      </if>
      <if test="record.moduleId != null">
        module_id = #{record.moduleId,jdbcType=BIGINT},
      </if>
      <if test="record.businessId != null">
        business_id = #{record.businessId,jdbcType=VARCHAR},
      </if>
      <if test="record.indicatorId != null">
        indicator_id = #{record.indicatorId,jdbcType=VARCHAR},
      </if>
      <if test="record.indicatorAlias != null">
        indicator_alias = #{record.indicatorAlias,jdbcType=VARCHAR},
      </if>
      <if test="record.indicatorTag != null">
        indicator_tag = #{record.indicatorTag,jdbcType=VARCHAR},
      </if>
      <if test="record.valueDigit != null">
        value_digit = #{record.valueDigit,jdbcType=INTEGER},
      </if>
      <if test="record.rateValueDigit != null">
        rate_value_digit = #{record.rateValueDigit,jdbcType=INTEGER},
      </if>
      <if test="record.valueType != null">
        value_type = #{record.valueType,jdbcType=VARCHAR},
      </if>
      <if test="record.rateValueType != null">
        rate_value_type = #{record.rateValueType,jdbcType=VARCHAR},
      </if>
      <if test="record.orderNum != null">
        order_num = #{record.orderNum,jdbcType=INTEGER},
      </if>
      <if test="record.appSource != null">
        app_source = #{record.appSource,jdbcType=INTEGER},
      </if>
      <if test="record.appId != null">
        app_id = #{record.appId,jdbcType=BIGINT},
      </if>
      <if test="record.valueUnit != null">
        value_unit = #{record.valueUnit,jdbcType=VARCHAR},
      </if>
      <if test="record.rateValueUnit != null">
        rate_value_unit = #{record.rateValueUnit,jdbcType=VARCHAR},
      </if>
      <if test="record.ksSeparation != null">
        ks_separation = #{record.ksSeparation,jdbcType=SMALLINT},
      </if>
      <if test="record.yoyDisplay != null">
        yoy_display = #{record.yoyDisplay,jdbcType=SMALLINT},
      </if>
      <if test="record.isKey != null">
        is_key = #{record.isKey,jdbcType=SMALLINT},
      </if>
      <if test="record.isTrend != null">
        is_trend = #{record.isTrend,jdbcType=SMALLINT},
      </if>
      <if test="record.isDimReduce != null">
        is_dim_reduce = #{record.isDimReduce,jdbcType=SMALLINT},
      </if>
      <if test="record.isDetail != null">
        is_detail = #{record.isDetail,jdbcType=SMALLINT},
      </if>
      <if test="record.isDelete != null">
        is_delete = #{record.isDelete,jdbcType=SMALLINT},
      </if>
      <if test="record.createdMis != null">
        created_mis = #{record.createdMis,jdbcType=VARCHAR},
      </if>
      <if test="record.lastUpdateMis != null">
        last_update_mis = #{record.lastUpdateMis,jdbcType=VARCHAR},
      </if>
      <if test="record.createdTime != null">
        created_time = #{record.createdTime,jdbcType=TIMESTAMP},
      </if>
      <if test="record.updateTime != null">
        update_time = #{record.updateTime,jdbcType=TIMESTAMP},
      </if>
    </set>
    <if test="example != null">
      <include refid="Update_By_Example_Where_Clause" />
    </if>
  </update>
  <update id="updateByExample" parameterType="map">
    <!--
      WARNING - @mbg.generated
      This element is automatically generated by MyBatis Generator, do not modify.
      This element was generated on Fri Mar 17 16:38:50 CST 2023.
    -->
    update fenghuang_info_ba_topic_indicator
    set id = #{record.id,jdbcType=BIGINT},
      report_id = #{record.reportId,jdbcType=BIGINT},
      topic_id = #{record.topicId,jdbcType=BIGINT},
      module_id = #{record.moduleId,jdbcType=BIGINT},
      business_id = #{record.businessId,jdbcType=VARCHAR},
      indicator_id = #{record.indicatorId,jdbcType=VARCHAR},
      indicator_alias = #{record.indicatorAlias,jdbcType=VARCHAR},
      indicator_tag = #{record.indicatorTag,jdbcType=VARCHAR},
      value_digit = #{record.valueDigit,jdbcType=INTEGER},
      rate_value_digit = #{record.rateValueDigit,jdbcType=INTEGER},
      value_type = #{record.valueType,jdbcType=VARCHAR},
      rate_value_type = #{record.rateValueType,jdbcType=VARCHAR},
      order_num = #{record.orderNum,jdbcType=INTEGER},
      app_source = #{record.appSource,jdbcType=INTEGER},
      app_id = #{record.appId,jdbcType=BIGINT},
      value_unit = #{record.valueUnit,jdbcType=VARCHAR},
      rate_value_unit = #{record.rateValueUnit,jdbcType=VARCHAR},
      ks_separation = #{record.ksSeparation,jdbcType=SMALLINT},
      yoy_display = #{record.yoyDisplay,jdbcType=SMALLINT},
      is_key = #{record.isKey,jdbcType=SMALLINT},
      is_trend = #{record.isTrend,jdbcType=SMALLINT},
      is_dim_reduce = #{record.isDimReduce,jdbcType=SMALLINT},
      is_detail = #{record.isDetail,jdbcType=SMALLINT},
      is_delete = #{record.isDelete,jdbcType=SMALLINT},
      created_mis = #{record.createdMis,jdbcType=VARCHAR},
      last_update_mis = #{record.lastUpdateMis,jdbcType=VARCHAR},
      created_time = #{record.createdTime,jdbcType=TIMESTAMP},
      update_time = #{record.updateTime,jdbcType=TIMESTAMP}
    <if test="example != null">
      <include refid="Update_By_Example_Where_Clause" />
    </if>
  </update>
</mapper>