<?xml version="1.0" encoding="UTF-8"?>
<!DOCTYPE mapper PUBLIC "-//mybatis.org//DTD Mapper 3.0//EN" "http://mybatis.org/dtd/mybatis-3-mapper.dtd">
<mapper namespace="com.sankuai.tripdatecenter.databp.fenghuang.dao.mapper.ba.auto.BaTopicDimensionEnumPOMapper">
  <resultMap id="BaseResultMap" type="com.sankuai.tripdatecenter.databp.fenghuang.dao.po.ba.BaTopicDimensionEnumPO">
    <!--
      WARNING - @mbg.generated
      This element is automatically generated by MyBatis Generator, do not modify.
      This element was generated on Tue Feb 28 15:07:45 CST 2023.
    -->
    <result column="id" jdbcType="BIGINT" property="id" />
    <result column="dimension_id" jdbcType="VARCHAR" property="dimensionId" />
    <result column="report_id" jdbcType="BIGINT" property="reportId" />
    <result column="topic_id" jdbcType="BIGINT" property="topicId" />
    <result column="dimension_enum_code" jdbcType="VARCHAR" property="dimensionEnumCode" />
    <result column="dimension_enum_name" jdbcType="VARCHAR" property="dimensionEnumName" />
    <result column="has_relation" jdbcType="SMALLINT" property="hasRelation" />
    <result column="order_num" jdbcType="INTEGER" property="orderNum" />
    <result column="is_delete" jdbcType="SMALLINT" property="isDelete" />
    <result column="created_mis" jdbcType="VARCHAR" property="createdMis" />
    <result column="last_update_mis" jdbcType="VARCHAR" property="lastUpdateMis" />
    <result column="created_time" jdbcType="TIMESTAMP" property="createdTime" />
    <result column="update_time" jdbcType="TIMESTAMP" property="updateTime" />
  </resultMap>
  <sql id="Example_Where_Clause">
    <!--
      WARNING - @mbg.generated
      This element is automatically generated by MyBatis Generator, do not modify.
      This element was generated on Tue Feb 28 15:07:45 CST 2023.
    -->
    <where>
      <foreach collection="oredCriteria" item="criteria" separator="or">
        <if test="criteria.valid">
          <trim prefix="(" prefixOverrides="and" suffix=")">
            <foreach collection="criteria.criteria" item="criterion">
              <choose>
                <when test="criterion.noValue">
                  and ${criterion.condition}
                </when>
                <when test="criterion.singleValue">
                  and ${criterion.condition} #{criterion.value}
                </when>
                <when test="criterion.betweenValue">
                  and ${criterion.condition} #{criterion.value} and #{criterion.secondValue}
                </when>
                <when test="criterion.listValue">
                  and ${criterion.condition}
                  <foreach close=")" collection="criterion.value" item="listItem" open="(" separator=",">
                    #{listItem}
                  </foreach>
                </when>
              </choose>
            </foreach>
          </trim>
        </if>
      </foreach>
    </where>
  </sql>
  <sql id="Update_By_Example_Where_Clause">
    <!--
      WARNING - @mbg.generated
      This element is automatically generated by MyBatis Generator, do not modify.
      This element was generated on Tue Feb 28 15:07:45 CST 2023.
    -->
    <where>
      <foreach collection="example.oredCriteria" item="criteria" separator="or">
        <if test="criteria.valid">
          <trim prefix="(" prefixOverrides="and" suffix=")">
            <foreach collection="criteria.criteria" item="criterion">
              <choose>
                <when test="criterion.noValue">
                  and ${criterion.condition}
                </when>
                <when test="criterion.singleValue">
                  and ${criterion.condition} #{criterion.value}
                </when>
                <when test="criterion.betweenValue">
                  and ${criterion.condition} #{criterion.value} and #{criterion.secondValue}
                </when>
                <when test="criterion.listValue">
                  and ${criterion.condition}
                  <foreach close=")" collection="criterion.value" item="listItem" open="(" separator=",">
                    #{listItem}
                  </foreach>
                </when>
              </choose>
            </foreach>
          </trim>
        </if>
      </foreach>
    </where>
  </sql>
  <sql id="Base_Column_List">
    <!--
      WARNING - @mbg.generated
      This element is automatically generated by MyBatis Generator, do not modify.
      This element was generated on Tue Feb 28 15:07:45 CST 2023.
    -->
    id, dimension_id, report_id, topic_id, dimension_enum_code, dimension_enum_name, 
    has_relation, order_num, is_delete, created_mis, last_update_mis, created_time, update_time
  </sql>
  <select id="selectByExample" parameterType="com.sankuai.tripdatecenter.databp.fenghuang.dao.po.ba.example.BaTopicDimensionEnumPOExample" resultMap="BaseResultMap">
    <!--
      WARNING - @mbg.generated
      This element is automatically generated by MyBatis Generator, do not modify.
      This element was generated on Tue Feb 28 15:07:45 CST 2023.
    -->
    select
    <if test="distinct">
      distinct
    </if>
    <include refid="Base_Column_List" />
    from fenghuang_info_ba_topic_dimension_enum
    <if test="_parameter != null">
      <include refid="Example_Where_Clause" />
    </if>
    <if test="orderByClause != null">
      order by ${orderByClause}
    </if>
  </select>
  <delete id="deleteByExample" parameterType="com.sankuai.tripdatecenter.databp.fenghuang.dao.po.ba.example.BaTopicDimensionEnumPOExample">
    <!--
      WARNING - @mbg.generated
      This element is automatically generated by MyBatis Generator, do not modify.
      This element was generated on Tue Feb 28 15:07:45 CST 2023.
    -->
    delete from fenghuang_info_ba_topic_dimension_enum
    <if test="_parameter != null">
      <include refid="Example_Where_Clause" />
    </if>
  </delete>
  <insert id="insert" parameterType="com.sankuai.tripdatecenter.databp.fenghuang.dao.po.ba.BaTopicDimensionEnumPO">
    <!--
      WARNING - @mbg.generated
      This element is automatically generated by MyBatis Generator, do not modify.
      This element was generated on Tue Feb 28 15:07:45 CST 2023.
    -->
    <selectKey keyProperty="id" order="AFTER" resultType="java.lang.Long">
      SELECT LAST_INSERT_ID()
    </selectKey>
    insert into fenghuang_info_ba_topic_dimension_enum (dimension_id, report_id, topic_id, 
      dimension_enum_code, dimension_enum_name, has_relation, 
      order_num, is_delete, created_mis, 
      last_update_mis, created_time, update_time
      )
    values (#{dimensionId,jdbcType=VARCHAR}, #{reportId,jdbcType=BIGINT}, #{topicId,jdbcType=BIGINT}, 
      #{dimensionEnumCode,jdbcType=VARCHAR}, #{dimensionEnumName,jdbcType=VARCHAR}, #{hasRelation,jdbcType=SMALLINT}, 
      #{orderNum,jdbcType=INTEGER}, #{isDelete,jdbcType=SMALLINT}, #{createdMis,jdbcType=VARCHAR}, 
      #{lastUpdateMis,jdbcType=VARCHAR}, #{createdTime,jdbcType=TIMESTAMP}, #{updateTime,jdbcType=TIMESTAMP}
      )
  </insert>
  <insert id="insertSelective" parameterType="com.sankuai.tripdatecenter.databp.fenghuang.dao.po.ba.BaTopicDimensionEnumPO">
    <!--
      WARNING - @mbg.generated
      This element is automatically generated by MyBatis Generator, do not modify.
      This element was generated on Tue Feb 28 15:07:45 CST 2023.
    -->
    <selectKey keyProperty="id" order="AFTER" resultType="java.lang.Long">
      SELECT LAST_INSERT_ID()
    </selectKey>
    insert into fenghuang_info_ba_topic_dimension_enum
    <trim prefix="(" suffix=")" suffixOverrides=",">
      <if test="dimensionId != null">
        dimension_id,
      </if>
      <if test="reportId != null">
        report_id,
      </if>
      <if test="topicId != null">
        topic_id,
      </if>
      <if test="dimensionEnumCode != null">
        dimension_enum_code,
      </if>
      <if test="dimensionEnumName != null">
        dimension_enum_name,
      </if>
      <if test="hasRelation != null">
        has_relation,
      </if>
      <if test="orderNum != null">
        order_num,
      </if>
      <if test="isDelete != null">
        is_delete,
      </if>
      <if test="createdMis != null">
        created_mis,
      </if>
      <if test="lastUpdateMis != null">
        last_update_mis,
      </if>
      <if test="createdTime != null">
        created_time,
      </if>
      <if test="updateTime != null">
        update_time,
      </if>
    </trim>
    <trim prefix="values (" suffix=")" suffixOverrides=",">
      <if test="dimensionId != null">
        #{dimensionId,jdbcType=VARCHAR},
      </if>
      <if test="reportId != null">
        #{reportId,jdbcType=BIGINT},
      </if>
      <if test="topicId != null">
        #{topicId,jdbcType=BIGINT},
      </if>
      <if test="dimensionEnumCode != null">
        #{dimensionEnumCode,jdbcType=VARCHAR},
      </if>
      <if test="dimensionEnumName != null">
        #{dimensionEnumName,jdbcType=VARCHAR},
      </if>
      <if test="hasRelation != null">
        #{hasRelation,jdbcType=SMALLINT},
      </if>
      <if test="orderNum != null">
        #{orderNum,jdbcType=INTEGER},
      </if>
      <if test="isDelete != null">
        #{isDelete,jdbcType=SMALLINT},
      </if>
      <if test="createdMis != null">
        #{createdMis,jdbcType=VARCHAR},
      </if>
      <if test="lastUpdateMis != null">
        #{lastUpdateMis,jdbcType=VARCHAR},
      </if>
      <if test="createdTime != null">
        #{createdTime,jdbcType=TIMESTAMP},
      </if>
      <if test="updateTime != null">
        #{updateTime,jdbcType=TIMESTAMP},
      </if>
    </trim>
  </insert>
  <select id="countByExample" parameterType="com.sankuai.tripdatecenter.databp.fenghuang.dao.po.ba.example.BaTopicDimensionEnumPOExample" resultType="java.lang.Long">
    <!--
      WARNING - @mbg.generated
      This element is automatically generated by MyBatis Generator, do not modify.
      This element was generated on Tue Feb 28 15:07:45 CST 2023.
    -->
    select count(*) from fenghuang_info_ba_topic_dimension_enum
    <if test="_parameter != null">
      <include refid="Example_Where_Clause" />
    </if>
  </select>
  <update id="updateByExampleSelective" parameterType="map">
    <!--
      WARNING - @mbg.generated
      This element is automatically generated by MyBatis Generator, do not modify.
      This element was generated on Tue Feb 28 15:07:45 CST 2023.
    -->
    update fenghuang_info_ba_topic_dimension_enum
    <set>
      <if test="record.id != null">
        id = #{record.id,jdbcType=BIGINT},
      </if>
      <if test="record.dimensionId != null">
        dimension_id = #{record.dimensionId,jdbcType=VARCHAR},
      </if>
      <if test="record.reportId != null">
        report_id = #{record.reportId,jdbcType=BIGINT},
      </if>
      <if test="record.topicId != null">
        topic_id = #{record.topicId,jdbcType=BIGINT},
      </if>
      <if test="record.dimensionEnumCode != null">
        dimension_enum_code = #{record.dimensionEnumCode,jdbcType=VARCHAR},
      </if>
      <if test="record.dimensionEnumName != null">
        dimension_enum_name = #{record.dimensionEnumName,jdbcType=VARCHAR},
      </if>
      <if test="record.hasRelation != null">
        has_relation = #{record.hasRelation,jdbcType=SMALLINT},
      </if>
      <if test="record.orderNum != null">
        order_num = #{record.orderNum,jdbcType=INTEGER},
      </if>
      <if test="record.isDelete != null">
        is_delete = #{record.isDelete,jdbcType=SMALLINT},
      </if>
      <if test="record.createdMis != null">
        created_mis = #{record.createdMis,jdbcType=VARCHAR},
      </if>
      <if test="record.lastUpdateMis != null">
        last_update_mis = #{record.lastUpdateMis,jdbcType=VARCHAR},
      </if>
      <if test="record.createdTime != null">
        created_time = #{record.createdTime,jdbcType=TIMESTAMP},
      </if>
      <if test="record.updateTime != null">
        update_time = #{record.updateTime,jdbcType=TIMESTAMP},
      </if>
    </set>
    <if test="example != null">
      <include refid="Update_By_Example_Where_Clause" />
    </if>
  </update>
  <update id="updateByExample" parameterType="map">
    <!--
      WARNING - @mbg.generated
      This element is automatically generated by MyBatis Generator, do not modify.
      This element was generated on Tue Feb 28 15:07:45 CST 2023.
    -->
    update fenghuang_info_ba_topic_dimension_enum
    set id = #{record.id,jdbcType=BIGINT},
      dimension_id = #{record.dimensionId,jdbcType=VARCHAR},
      report_id = #{record.reportId,jdbcType=BIGINT},
      topic_id = #{record.topicId,jdbcType=BIGINT},
      dimension_enum_code = #{record.dimensionEnumCode,jdbcType=VARCHAR},
      dimension_enum_name = #{record.dimensionEnumName,jdbcType=VARCHAR},
      has_relation = #{record.hasRelation,jdbcType=SMALLINT},
      order_num = #{record.orderNum,jdbcType=INTEGER},
      is_delete = #{record.isDelete,jdbcType=SMALLINT},
      created_mis = #{record.createdMis,jdbcType=VARCHAR},
      last_update_mis = #{record.lastUpdateMis,jdbcType=VARCHAR},
      created_time = #{record.createdTime,jdbcType=TIMESTAMP},
      update_time = #{record.updateTime,jdbcType=TIMESTAMP}
    <if test="example != null">
      <include refid="Update_By_Example_Where_Clause" />
    </if>
  </update>
</mapper>